
CREATE TABLE "users" (
  "id" varchar PRIMARY KEY,
  "image_url" varchar,
  "name" varchar,
  "email" varchar NOT NULL
);

CREATE TABLE "rooms" (
  "id" uuid PRIMARY KEY,
  "owner_id" varchar,
  "title" varchar NOT NULL,
  "description" varchar NOT NULL,
  "is_public" bool DEFAULT true,
  "group_id" uuid,
  "start_time" timestamp,
  "end_time" timestamp,
  "count" int DEFAULT 0
);

CREATE TABLE "groups" (
  "id" uuid PRIMARY KEY,
  "owner_id" varchar,
  "name" varchar NOT NULL,
  "description" varchar NOT NULL,
  "created_at" timestamp,
  "is_public" bool DEFAULT true
);

CREATE TABLE "invite_groups" (
  "user_id" varchar,
  "group_id" uuid,
  PRIMARY KEY (user_id, group_id)
);

CREATE TABLE "users_groups" (
  "user_id" varchar,
  "group_id" uuid,
  PRIMARY KEY (user_id, group_id)
);

CREATE TABLE "following" (
  "user_id" varchar,
  "target_id" varchar,
  PRIMARY KEY (user_id, target_id)
);

CREATE TABLE "posts" (
  "id" uuid PRIMARY KEY,
  "user_id" varchar,
  "content" varchar NOT NULL,
  "created_at" varchar,
  "update_at" varchar
);

CREATE TABLE "replies" (
  "id" uuid PRIMARY KEY,
  "post_id" uuid,
  "user_id" varchar,
  "content" varchar NOT NULL,
  "created_at" timestamp
);

CREATE TABLE "likes" (
  "post_id" uuid,
  "user_id" varchar,
  PRIMARY KEY (user_id, post_id)
);

ALTER TABLE "rooms" ADD FOREIGN KEY ("owner_id") REFERENCES "users" ("id");

ALTER TABLE "rooms" ADD FOREIGN KEY ("group_id") REFERENCES "groups" ("id");

ALTER TABLE "groups" ADD FOREIGN KEY ("owner_id") REFERENCES "users" ("id");

ALTER TABLE "invite_groups" ADD FOREIGN KEY ("user_id") REFERENCES "users" ("id");

ALTER TABLE "invite_groups" ADD FOREIGN KEY ("group_id") REFERENCES "groups" ("id");

ALTER TABLE "users_groups" ADD FOREIGN KEY ("user_id") REFERENCES "users" ("id");

ALTER TABLE "users_groups" ADD FOREIGN KEY ("group_id") REFERENCES "groups" ("id");

ALTER TABLE "following" ADD FOREIGN KEY ("user_id") REFERENCES "users" ("id");

ALTER TABLE "following" ADD FOREIGN KEY ("target_id") REFERENCES "users" ("id");

ALTER TABLE "posts" ADD FOREIGN KEY ("user_id") REFERENCES "users" ("id");

ALTER TABLE "replies" ADD FOREIGN KEY ("post_id") REFERENCES "posts" ("id");

ALTER TABLE "replies" ADD FOREIGN KEY ("user_id") REFERENCES "users" ("id");

ALTER TABLE "likes" ADD FOREIGN KEY ("post_id") REFERENCES "posts" ("id");

ALTER TABLE "likes" ADD FOREIGN KEY ("user_id") REFERENCES "users" ("id");

INSERT INTO users (id, image_url, name, email) VALUES ('qU3r8Ld2JqoWhkQMnl7eyuk2cv4s', 'image_url_0', 'name_0', 'email_0@example.com');
INSERT INTO users (id, image_url, name, email) VALUES ('wDalc3CLbaz3ErRVy6VclADM2dhp', 'image_url_1', 'name_1', 'email_1@example.com');
INSERT INTO users (id, image_url, name, email) VALUES ('EYjy52cdMh0aWAmywf4vqx7pUcfm', 'image_url_2', 'name_2', 'email_2@example.com');
INSERT INTO users (id, image_url, name, email) VALUES ('RvjVxsX8mbpgWRfrwIr2X69g4fnD', 'image_url_3', 'name_3', 'email_3@example.com');
INSERT INTO users (id, image_url, name, email) VALUES ('sk8DexsnOzLWTbR9OY7MGWfsQDPL', 'image_url_4', 'name_4', 'email_4@example.com');
INSERT INTO users (id, image_url, name, email) VALUES ('DJtLPqtcBDfrtA4haEDJ11VLG1gP', 'image_url_5', 'name_5', 'email_5@example.com');
INSERT INTO users (id, image_url, name, email) VALUES ('ECauXTbNq5p5sHKncyTsxnSTHtFf', 'image_url_6', 'name_6', 'email_6@example.com');
INSERT INTO users (id, image_url, name, email) VALUES ('AEABlkBv3a0O3g6buvTJBFFI57Ov', 'image_url_7', 'name_7', 'email_7@example.com');
INSERT INTO users (id, image_url, name, email) VALUES ('iQ9SNo6sxcspIpIVxIYjVzIlmxrm', 'image_url_8', 'name_8', 'email_8@example.com');
INSERT INTO users (id, image_url, name, email) VALUES ('y4Zii5KQLwndCZWEfkBZyhSSXmM6', 'image_url_9', 'name_9', 'email_9@example.com');
INSERT INTO users (id, image_url, name, email) VALUES ('A2TGV1nQN4bCVtekVSYJOW4fBTKZ', 'image_url_10', 'name_10', 'email_10@example.com');
INSERT INTO users (id, image_url, name, email) VALUES ('mpVuMgEs0Hoi66saCIUiQruP9P9L', 'image_url_11', 'name_11', 'email_11@example.com');
INSERT INTO users (id, image_url, name, email) VALUES ('yTUmNQG4C2sGsuDyk6psrVKaBpd4', 'image_url_12', 'name_12', 'email_12@example.com');
INSERT INTO users (id, image_url, name, email) VALUES ('yr5DgzBitMBkLUQvB1ASQ76KfH28', 'image_url_13', 'name_13', 'email_13@example.com');
INSERT INTO users (id, image_url, name, email) VALUES ('EvsI2Uyib3Yh7BJnjRdqQvp8GxZt', 'image_url_14', 'name_14', 'email_14@example.com');
INSERT INTO users (id, image_url, name, email) VALUES ('z5PRxJe3SymtwT3QRRg0NeS6GVsR', 'image_url_15', 'name_15', 'email_15@example.com');
INSERT INTO users (id, image_url, name, email) VALUES ('CiXvYugGZv02QEAPsDxzhbVx1ch9', 'image_url_16', 'name_16', 'email_16@example.com');
INSERT INTO users (id, image_url, name, email) VALUES ('V3wCZO6BUOlN8VIj9PBdqnES0FYT', 'image_url_17', 'name_17', 'email_17@example.com');
INSERT INTO users (id, image_url, name, email) VALUES ('Yzc6ncXdf7L6MvKuL4BMQrrtOSmd', 'image_url_18', 'name_18', 'email_18@example.com');
INSERT INTO users (id, image_url, name, email) VALUES ('Srxlseed9EU3hY0228UgWcBTv52H', 'image_url_19', 'name_19', 'email_19@example.com');
INSERT INTO groups (id, owner_id, name, description, created_at, is_public) VALUES ('99a841d6-3803-4738-ad01-5ea87be2deb0', 'qU3r8Ld2JqoWhkQMnl7eyuk2cv4s', 'group_name_0', 'group_description_0', '2023-06-14 10:46:05.279585', 'True');
INSERT INTO groups (id, owner_id, name, description, created_at, is_public) VALUES ('2a77c716-2263-4e56-8697-59456d282e33', 'wDalc3CLbaz3ErRVy6VclADM2dhp', 'group_name_1', 'group_description_1', '2023-06-14 10:46:05.279618', 'True');
INSERT INTO groups (id, owner_id, name, description, created_at, is_public) VALUES ('12fe4b23-e380-4427-8b40-b8cd09717d3f', 'EYjy52cdMh0aWAmywf4vqx7pUcfm', 'group_name_2', 'group_description_2', '2023-06-14 10:46:05.279625', 'True');
INSERT INTO groups (id, owner_id, name, description, created_at, is_public) VALUES ('f674cdcf-191b-447a-8177-fd94956762de', 'RvjVxsX8mbpgWRfrwIr2X69g4fnD', 'group_name_3', 'group_description_3', '2023-06-14 10:46:05.279635', 'True');
INSERT INTO groups (id, owner_id, name, description, created_at, is_public) VALUES ('2cab6446-986d-433e-ac9c-48f151ce67c5', 'sk8DexsnOzLWTbR9OY7MGWfsQDPL', 'group_name_4', 'group_description_4', '2023-06-14 10:46:05.279640', 'True');
INSERT INTO groups (id, owner_id, name, description, created_at, is_public) VALUES ('a71ffa62-9105-4435-acee-48afe2af26c5', 'DJtLPqtcBDfrtA4haEDJ11VLG1gP', 'group_name_5', 'group_description_5', '2023-06-14 10:46:05.279646', 'True');
INSERT INTO groups (id, owner_id, name, description, created_at, is_public) VALUES ('379e4bd7-c8c6-4688-8ef5-f399b54a4d4f', 'ECauXTbNq5p5sHKncyTsxnSTHtFf', 'group_name_6', 'group_description_6', '2023-06-14 10:46:05.279650', 'True');
INSERT INTO groups (id, owner_id, name, description, created_at, is_public) VALUES ('4f0f53b3-039d-4cf6-98f3-7d5623720062', 'AEABlkBv3a0O3g6buvTJBFFI57Ov', 'group_name_7', 'group_description_7', '2023-06-14 10:46:05.279655', 'True');
INSERT INTO groups (id, owner_id, name, description, created_at, is_public) VALUES ('53a746f9-e8a8-4bcf-a42d-25c8ea1875b0', 'iQ9SNo6sxcspIpIVxIYjVzIlmxrm', 'group_name_8', 'group_description_8', '2023-06-14 10:46:05.279660', 'True');
INSERT INTO groups (id, owner_id, name, description, created_at, is_public) VALUES ('9d124215-c9e5-4a87-bc32-bc385329539a', 'y4Zii5KQLwndCZWEfkBZyhSSXmM6', 'group_name_9', 'group_description_9', '2023-06-14 10:46:05.279665', 'True');
INSERT INTO groups (id, owner_id, name, description, created_at, is_public) VALUES ('936ef804-0cf9-4f4c-b4c7-a09fad9f2d1c', 'A2TGV1nQN4bCVtekVSYJOW4fBTKZ', 'group_name_10', 'group_description_10', '2023-06-14 10:46:05.279669', 'True');
INSERT INTO groups (id, owner_id, name, description, created_at, is_public) VALUES ('06b845ce-7f47-4c87-a929-d5875fa43824', 'mpVuMgEs0Hoi66saCIUiQruP9P9L', 'group_name_11', 'group_description_11', '2023-06-14 10:46:05.279673', 'True');
INSERT INTO groups (id, owner_id, name, description, created_at, is_public) VALUES ('cd9fb0b7-9e7a-49d1-a707-b4dc79b90abc', 'yTUmNQG4C2sGsuDyk6psrVKaBpd4', 'group_name_12', 'group_description_12', '2023-06-14 10:46:05.279678', 'True');
INSERT INTO groups (id, owner_id, name, description, created_at, is_public) VALUES ('d54eb1b7-bca7-4855-aa42-c93ebdea3547', 'yr5DgzBitMBkLUQvB1ASQ76KfH28', 'group_name_13', 'group_description_13', '2023-06-14 10:46:05.279682', 'True');
INSERT INTO groups (id, owner_id, name, description, created_at, is_public) VALUES ('66f9c4b8-8e5f-4b23-a24b-88b765f9d43a', 'EvsI2Uyib3Yh7BJnjRdqQvp8GxZt', 'group_name_14', 'group_description_14', '2023-06-14 10:46:05.279686', 'True');
INSERT INTO groups (id, owner_id, name, description, created_at, is_public) VALUES ('da6ce653-941f-407d-8635-8e6b7dfbb638', 'z5PRxJe3SymtwT3QRRg0NeS6GVsR', 'group_name_15', 'group_description_15', '2023-06-14 10:46:05.279690', 'True');
INSERT INTO groups (id, owner_id, name, description, created_at, is_public) VALUES ('babd7a69-0c9d-43af-be9b-130c5888f768', 'CiXvYugGZv02QEAPsDxzhbVx1ch9', 'group_name_16', 'group_description_16', '2023-06-14 10:46:05.279695', 'True');
INSERT INTO groups (id, owner_id, name, description, created_at, is_public) VALUES ('686d1d12-cb98-4e27-b434-254d4bc4b134', 'V3wCZO6BUOlN8VIj9PBdqnES0FYT', 'group_name_17', 'group_description_17', '2023-06-14 10:46:05.279700', 'True');
INSERT INTO groups (id, owner_id, name, description, created_at, is_public) VALUES ('ab241d61-aad4-42de-999e-2067df991b1d', 'Yzc6ncXdf7L6MvKuL4BMQrrtOSmd', 'group_name_18', 'group_description_18', '2023-06-14 10:46:05.279705', 'True');
INSERT INTO groups (id, owner_id, name, description, created_at, is_public) VALUES ('7a38c681-312d-47da-a209-8ad7fbce4be9', 'Srxlseed9EU3hY0228UgWcBTv52H', 'group_name_19', 'group_description_19', '2023-06-14 10:46:05.279709', 'True');
INSERT INTO invite_groups (user_id, group_id) VALUES ('qU3r8Ld2JqoWhkQMnl7eyuk2cv4s', '936ef804-0cf9-4f4c-b4c7-a09fad9f2d1c');
INSERT INTO invite_groups (user_id, group_id) VALUES ('qU3r8Ld2JqoWhkQMnl7eyuk2cv4s', '66f9c4b8-8e5f-4b23-a24b-88b765f9d43a');
INSERT INTO invite_groups (user_id, group_id) VALUES ('qU3r8Ld2JqoWhkQMnl7eyuk2cv4s', 'cd9fb0b7-9e7a-49d1-a707-b4dc79b90abc');
INSERT INTO invite_groups (user_id, group_id) VALUES ('qU3r8Ld2JqoWhkQMnl7eyuk2cv4s', 'ab241d61-aad4-42de-999e-2067df991b1d');
INSERT INTO invite_groups (user_id, group_id) VALUES ('qU3r8Ld2JqoWhkQMnl7eyuk2cv4s', '379e4bd7-c8c6-4688-8ef5-f399b54a4d4f');
INSERT INTO invite_groups (user_id, group_id) VALUES ('wDalc3CLbaz3ErRVy6VclADM2dhp', '686d1d12-cb98-4e27-b434-254d4bc4b134');
INSERT INTO invite_groups (user_id, group_id) VALUES ('wDalc3CLbaz3ErRVy6VclADM2dhp', 'd54eb1b7-bca7-4855-aa42-c93ebdea3547');
INSERT INTO invite_groups (user_id, group_id) VALUES ('wDalc3CLbaz3ErRVy6VclADM2dhp', '2a77c716-2263-4e56-8697-59456d282e33');
INSERT INTO invite_groups (user_id, group_id) VALUES ('wDalc3CLbaz3ErRVy6VclADM2dhp', '66f9c4b8-8e5f-4b23-a24b-88b765f9d43a');
INSERT INTO invite_groups (user_id, group_id) VALUES ('wDalc3CLbaz3ErRVy6VclADM2dhp', '99a841d6-3803-4738-ad01-5ea87be2deb0');
INSERT INTO invite_groups (user_id, group_id) VALUES ('EYjy52cdMh0aWAmywf4vqx7pUcfm', '9d124215-c9e5-4a87-bc32-bc385329539a');
INSERT INTO invite_groups (user_id, group_id) VALUES ('EYjy52cdMh0aWAmywf4vqx7pUcfm', '7a38c681-312d-47da-a209-8ad7fbce4be9');
INSERT INTO invite_groups (user_id, group_id) VALUES ('EYjy52cdMh0aWAmywf4vqx7pUcfm', '06b845ce-7f47-4c87-a929-d5875fa43824');
INSERT INTO invite_groups (user_id, group_id) VALUES ('EYjy52cdMh0aWAmywf4vqx7pUcfm', '99a841d6-3803-4738-ad01-5ea87be2deb0');
INSERT INTO invite_groups (user_id, group_id) VALUES ('EYjy52cdMh0aWAmywf4vqx7pUcfm', 'a71ffa62-9105-4435-acee-48afe2af26c5');
INSERT INTO invite_groups (user_id, group_id) VALUES ('RvjVxsX8mbpgWRfrwIr2X69g4fnD', '2a77c716-2263-4e56-8697-59456d282e33');
INSERT INTO invite_groups (user_id, group_id) VALUES ('RvjVxsX8mbpgWRfrwIr2X69g4fnD', 'a71ffa62-9105-4435-acee-48afe2af26c5');
INSERT INTO invite_groups (user_id, group_id) VALUES ('RvjVxsX8mbpgWRfrwIr2X69g4fnD', '06b845ce-7f47-4c87-a929-d5875fa43824');
INSERT INTO invite_groups (user_id, group_id) VALUES ('RvjVxsX8mbpgWRfrwIr2X69g4fnD', 'f674cdcf-191b-447a-8177-fd94956762de');
INSERT INTO invite_groups (user_id, group_id) VALUES ('RvjVxsX8mbpgWRfrwIr2X69g4fnD', '2cab6446-986d-433e-ac9c-48f151ce67c5');
INSERT INTO invite_groups (user_id, group_id) VALUES ('sk8DexsnOzLWTbR9OY7MGWfsQDPL', 'da6ce653-941f-407d-8635-8e6b7dfbb638');
INSERT INTO invite_groups (user_id, group_id) VALUES ('sk8DexsnOzLWTbR9OY7MGWfsQDPL', '66f9c4b8-8e5f-4b23-a24b-88b765f9d43a');
INSERT INTO invite_groups (user_id, group_id) VALUES ('sk8DexsnOzLWTbR9OY7MGWfsQDPL', 'd54eb1b7-bca7-4855-aa42-c93ebdea3547');
INSERT INTO invite_groups (user_id, group_id) VALUES ('sk8DexsnOzLWTbR9OY7MGWfsQDPL', '06b845ce-7f47-4c87-a929-d5875fa43824');
INSERT INTO invite_groups (user_id, group_id) VALUES ('sk8DexsnOzLWTbR9OY7MGWfsQDPL', '9d124215-c9e5-4a87-bc32-bc385329539a');
INSERT INTO invite_groups (user_id, group_id) VALUES ('DJtLPqtcBDfrtA4haEDJ11VLG1gP', 'babd7a69-0c9d-43af-be9b-130c5888f768');
INSERT INTO invite_groups (user_id, group_id) VALUES ('DJtLPqtcBDfrtA4haEDJ11VLG1gP', '2a77c716-2263-4e56-8697-59456d282e33');
INSERT INTO invite_groups (user_id, group_id) VALUES ('DJtLPqtcBDfrtA4haEDJ11VLG1gP', 'a71ffa62-9105-4435-acee-48afe2af26c5');
INSERT INTO invite_groups (user_id, group_id) VALUES ('DJtLPqtcBDfrtA4haEDJ11VLG1gP', '66f9c4b8-8e5f-4b23-a24b-88b765f9d43a');
INSERT INTO invite_groups (user_id, group_id) VALUES ('DJtLPqtcBDfrtA4haEDJ11VLG1gP', 'ab241d61-aad4-42de-999e-2067df991b1d');
INSERT INTO invite_groups (user_id, group_id) VALUES ('ECauXTbNq5p5sHKncyTsxnSTHtFf', '9d124215-c9e5-4a87-bc32-bc385329539a');
INSERT INTO invite_groups (user_id, group_id) VALUES ('ECauXTbNq5p5sHKncyTsxnSTHtFf', '686d1d12-cb98-4e27-b434-254d4bc4b134');
INSERT INTO invite_groups (user_id, group_id) VALUES ('ECauXTbNq5p5sHKncyTsxnSTHtFf', 'ab241d61-aad4-42de-999e-2067df991b1d');
INSERT INTO invite_groups (user_id, group_id) VALUES ('ECauXTbNq5p5sHKncyTsxnSTHtFf', '2cab6446-986d-433e-ac9c-48f151ce67c5');
INSERT INTO invite_groups (user_id, group_id) VALUES ('ECauXTbNq5p5sHKncyTsxnSTHtFf', '12fe4b23-e380-4427-8b40-b8cd09717d3f');
INSERT INTO invite_groups (user_id, group_id) VALUES ('AEABlkBv3a0O3g6buvTJBFFI57Ov', '379e4bd7-c8c6-4688-8ef5-f399b54a4d4f');
INSERT INTO invite_groups (user_id, group_id) VALUES ('AEABlkBv3a0O3g6buvTJBFFI57Ov', 'a71ffa62-9105-4435-acee-48afe2af26c5');
INSERT INTO invite_groups (user_id, group_id) VALUES ('AEABlkBv3a0O3g6buvTJBFFI57Ov', '12fe4b23-e380-4427-8b40-b8cd09717d3f');
INSERT INTO invite_groups (user_id, group_id) VALUES ('AEABlkBv3a0O3g6buvTJBFFI57Ov', '9d124215-c9e5-4a87-bc32-bc385329539a');
INSERT INTO invite_groups (user_id, group_id) VALUES ('AEABlkBv3a0O3g6buvTJBFFI57Ov', '936ef804-0cf9-4f4c-b4c7-a09fad9f2d1c');
INSERT INTO invite_groups (user_id, group_id) VALUES ('iQ9SNo6sxcspIpIVxIYjVzIlmxrm', 'babd7a69-0c9d-43af-be9b-130c5888f768');
INSERT INTO invite_groups (user_id, group_id) VALUES ('iQ9SNo6sxcspIpIVxIYjVzIlmxrm', 'ab241d61-aad4-42de-999e-2067df991b1d');
INSERT INTO invite_groups (user_id, group_id) VALUES ('iQ9SNo6sxcspIpIVxIYjVzIlmxrm', 'f674cdcf-191b-447a-8177-fd94956762de');
INSERT INTO invite_groups (user_id, group_id) VALUES ('iQ9SNo6sxcspIpIVxIYjVzIlmxrm', '936ef804-0cf9-4f4c-b4c7-a09fad9f2d1c');
INSERT INTO invite_groups (user_id, group_id) VALUES ('iQ9SNo6sxcspIpIVxIYjVzIlmxrm', 'da6ce653-941f-407d-8635-8e6b7dfbb638');
INSERT INTO invite_groups (user_id, group_id) VALUES ('y4Zii5KQLwndCZWEfkBZyhSSXmM6', '53a746f9-e8a8-4bcf-a42d-25c8ea1875b0');
INSERT INTO invite_groups (user_id, group_id) VALUES ('y4Zii5KQLwndCZWEfkBZyhSSXmM6', '2cab6446-986d-433e-ac9c-48f151ce67c5');
INSERT INTO invite_groups (user_id, group_id) VALUES ('y4Zii5KQLwndCZWEfkBZyhSSXmM6', '7a38c681-312d-47da-a209-8ad7fbce4be9');
INSERT INTO invite_groups (user_id, group_id) VALUES ('y4Zii5KQLwndCZWEfkBZyhSSXmM6', '936ef804-0cf9-4f4c-b4c7-a09fad9f2d1c');
INSERT INTO invite_groups (user_id, group_id) VALUES ('y4Zii5KQLwndCZWEfkBZyhSSXmM6', 'f674cdcf-191b-447a-8177-fd94956762de');
INSERT INTO invite_groups (user_id, group_id) VALUES ('A2TGV1nQN4bCVtekVSYJOW4fBTKZ', '7a38c681-312d-47da-a209-8ad7fbce4be9');
INSERT INTO invite_groups (user_id, group_id) VALUES ('A2TGV1nQN4bCVtekVSYJOW4fBTKZ', 'da6ce653-941f-407d-8635-8e6b7dfbb638');
INSERT INTO invite_groups (user_id, group_id) VALUES ('A2TGV1nQN4bCVtekVSYJOW4fBTKZ', '99a841d6-3803-4738-ad01-5ea87be2deb0');
INSERT INTO invite_groups (user_id, group_id) VALUES ('A2TGV1nQN4bCVtekVSYJOW4fBTKZ', 'cd9fb0b7-9e7a-49d1-a707-b4dc79b90abc');
INSERT INTO invite_groups (user_id, group_id) VALUES ('A2TGV1nQN4bCVtekVSYJOW4fBTKZ', '686d1d12-cb98-4e27-b434-254d4bc4b134');
INSERT INTO invite_groups (user_id, group_id) VALUES ('mpVuMgEs0Hoi66saCIUiQruP9P9L', '2a77c716-2263-4e56-8697-59456d282e33');
INSERT INTO invite_groups (user_id, group_id) VALUES ('mpVuMgEs0Hoi66saCIUiQruP9P9L', 'f674cdcf-191b-447a-8177-fd94956762de');
INSERT INTO invite_groups (user_id, group_id) VALUES ('mpVuMgEs0Hoi66saCIUiQruP9P9L', '53a746f9-e8a8-4bcf-a42d-25c8ea1875b0');
INSERT INTO invite_groups (user_id, group_id) VALUES ('mpVuMgEs0Hoi66saCIUiQruP9P9L', '66f9c4b8-8e5f-4b23-a24b-88b765f9d43a');
INSERT INTO invite_groups (user_id, group_id) VALUES ('mpVuMgEs0Hoi66saCIUiQruP9P9L', 'da6ce653-941f-407d-8635-8e6b7dfbb638');
INSERT INTO invite_groups (user_id, group_id) VALUES ('yTUmNQG4C2sGsuDyk6psrVKaBpd4', '06b845ce-7f47-4c87-a929-d5875fa43824');
INSERT INTO invite_groups (user_id, group_id) VALUES ('yTUmNQG4C2sGsuDyk6psrVKaBpd4', 'da6ce653-941f-407d-8635-8e6b7dfbb638');
INSERT INTO invite_groups (user_id, group_id) VALUES ('yTUmNQG4C2sGsuDyk6psrVKaBpd4', '4f0f53b3-039d-4cf6-98f3-7d5623720062');
INSERT INTO invite_groups (user_id, group_id) VALUES ('yTUmNQG4C2sGsuDyk6psrVKaBpd4', '936ef804-0cf9-4f4c-b4c7-a09fad9f2d1c');
INSERT INTO invite_groups (user_id, group_id) VALUES ('yTUmNQG4C2sGsuDyk6psrVKaBpd4', '686d1d12-cb98-4e27-b434-254d4bc4b134');
INSERT INTO invite_groups (user_id, group_id) VALUES ('yr5DgzBitMBkLUQvB1ASQ76KfH28', '66f9c4b8-8e5f-4b23-a24b-88b765f9d43a');
INSERT INTO invite_groups (user_id, group_id) VALUES ('yr5DgzBitMBkLUQvB1ASQ76KfH28', 'babd7a69-0c9d-43af-be9b-130c5888f768');
INSERT INTO invite_groups (user_id, group_id) VALUES ('yr5DgzBitMBkLUQvB1ASQ76KfH28', '7a38c681-312d-47da-a209-8ad7fbce4be9');
INSERT INTO invite_groups (user_id, group_id) VALUES ('yr5DgzBitMBkLUQvB1ASQ76KfH28', '06b845ce-7f47-4c87-a929-d5875fa43824');
INSERT INTO invite_groups (user_id, group_id) VALUES ('yr5DgzBitMBkLUQvB1ASQ76KfH28', '379e4bd7-c8c6-4688-8ef5-f399b54a4d4f');
INSERT INTO invite_groups (user_id, group_id) VALUES ('EvsI2Uyib3Yh7BJnjRdqQvp8GxZt', '12fe4b23-e380-4427-8b40-b8cd09717d3f');
INSERT INTO invite_groups (user_id, group_id) VALUES ('EvsI2Uyib3Yh7BJnjRdqQvp8GxZt', 'f674cdcf-191b-447a-8177-fd94956762de');
INSERT INTO invite_groups (user_id, group_id) VALUES ('EvsI2Uyib3Yh7BJnjRdqQvp8GxZt', '2a77c716-2263-4e56-8697-59456d282e33');
INSERT INTO invite_groups (user_id, group_id) VALUES ('EvsI2Uyib3Yh7BJnjRdqQvp8GxZt', 'cd9fb0b7-9e7a-49d1-a707-b4dc79b90abc');
INSERT INTO invite_groups (user_id, group_id) VALUES ('EvsI2Uyib3Yh7BJnjRdqQvp8GxZt', '7a38c681-312d-47da-a209-8ad7fbce4be9');
INSERT INTO invite_groups (user_id, group_id) VALUES ('z5PRxJe3SymtwT3QRRg0NeS6GVsR', '379e4bd7-c8c6-4688-8ef5-f399b54a4d4f');
INSERT INTO invite_groups (user_id, group_id) VALUES ('z5PRxJe3SymtwT3QRRg0NeS6GVsR', 'ab241d61-aad4-42de-999e-2067df991b1d');
INSERT INTO invite_groups (user_id, group_id) VALUES ('z5PRxJe3SymtwT3QRRg0NeS6GVsR', 'babd7a69-0c9d-43af-be9b-130c5888f768');
INSERT INTO invite_groups (user_id, group_id) VALUES ('z5PRxJe3SymtwT3QRRg0NeS6GVsR', 'cd9fb0b7-9e7a-49d1-a707-b4dc79b90abc');
INSERT INTO invite_groups (user_id, group_id) VALUES ('z5PRxJe3SymtwT3QRRg0NeS6GVsR', '99a841d6-3803-4738-ad01-5ea87be2deb0');
INSERT INTO invite_groups (user_id, group_id) VALUES ('CiXvYugGZv02QEAPsDxzhbVx1ch9', '4f0f53b3-039d-4cf6-98f3-7d5623720062');
INSERT INTO invite_groups (user_id, group_id) VALUES ('CiXvYugGZv02QEAPsDxzhbVx1ch9', '9d124215-c9e5-4a87-bc32-bc385329539a');
INSERT INTO invite_groups (user_id, group_id) VALUES ('CiXvYugGZv02QEAPsDxzhbVx1ch9', '686d1d12-cb98-4e27-b434-254d4bc4b134');
INSERT INTO invite_groups (user_id, group_id) VALUES ('CiXvYugGZv02QEAPsDxzhbVx1ch9', '936ef804-0cf9-4f4c-b4c7-a09fad9f2d1c');
INSERT INTO invite_groups (user_id, group_id) VALUES ('CiXvYugGZv02QEAPsDxzhbVx1ch9', '2a77c716-2263-4e56-8697-59456d282e33');
INSERT INTO invite_groups (user_id, group_id) VALUES ('V3wCZO6BUOlN8VIj9PBdqnES0FYT', '686d1d12-cb98-4e27-b434-254d4bc4b134');
INSERT INTO invite_groups (user_id, group_id) VALUES ('V3wCZO6BUOlN8VIj9PBdqnES0FYT', '06b845ce-7f47-4c87-a929-d5875fa43824');
INSERT INTO invite_groups (user_id, group_id) VALUES ('V3wCZO6BUOlN8VIj9PBdqnES0FYT', 'a71ffa62-9105-4435-acee-48afe2af26c5');
INSERT INTO invite_groups (user_id, group_id) VALUES ('V3wCZO6BUOlN8VIj9PBdqnES0FYT', 'd54eb1b7-bca7-4855-aa42-c93ebdea3547');
INSERT INTO invite_groups (user_id, group_id) VALUES ('V3wCZO6BUOlN8VIj9PBdqnES0FYT', 'ab241d61-aad4-42de-999e-2067df991b1d');
INSERT INTO invite_groups (user_id, group_id) VALUES ('Yzc6ncXdf7L6MvKuL4BMQrrtOSmd', '66f9c4b8-8e5f-4b23-a24b-88b765f9d43a');
INSERT INTO invite_groups (user_id, group_id) VALUES ('Yzc6ncXdf7L6MvKuL4BMQrrtOSmd', '936ef804-0cf9-4f4c-b4c7-a09fad9f2d1c');
INSERT INTO invite_groups (user_id, group_id) VALUES ('Yzc6ncXdf7L6MvKuL4BMQrrtOSmd', 'd54eb1b7-bca7-4855-aa42-c93ebdea3547');
INSERT INTO invite_groups (user_id, group_id) VALUES ('Yzc6ncXdf7L6MvKuL4BMQrrtOSmd', '2a77c716-2263-4e56-8697-59456d282e33');
INSERT INTO invite_groups (user_id, group_id) VALUES ('Yzc6ncXdf7L6MvKuL4BMQrrtOSmd', '4f0f53b3-039d-4cf6-98f3-7d5623720062');
INSERT INTO invite_groups (user_id, group_id) VALUES ('Srxlseed9EU3hY0228UgWcBTv52H', '686d1d12-cb98-4e27-b434-254d4bc4b134');
INSERT INTO invite_groups (user_id, group_id) VALUES ('Srxlseed9EU3hY0228UgWcBTv52H', '2a77c716-2263-4e56-8697-59456d282e33');
INSERT INTO invite_groups (user_id, group_id) VALUES ('Srxlseed9EU3hY0228UgWcBTv52H', 'babd7a69-0c9d-43af-be9b-130c5888f768');
INSERT INTO invite_groups (user_id, group_id) VALUES ('Srxlseed9EU3hY0228UgWcBTv52H', 'd54eb1b7-bca7-4855-aa42-c93ebdea3547');
INSERT INTO invite_groups (user_id, group_id) VALUES ('Srxlseed9EU3hY0228UgWcBTv52H', '9d124215-c9e5-4a87-bc32-bc385329539a');
INSERT INTO users_groups (user_id, group_id) VALUES ('qU3r8Ld2JqoWhkQMnl7eyuk2cv4s', '2cab6446-986d-433e-ac9c-48f151ce67c5');
INSERT INTO users_groups (user_id, group_id) VALUES ('qU3r8Ld2JqoWhkQMnl7eyuk2cv4s', '12fe4b23-e380-4427-8b40-b8cd09717d3f');
INSERT INTO users_groups (user_id, group_id) VALUES ('qU3r8Ld2JqoWhkQMnl7eyuk2cv4s', '936ef804-0cf9-4f4c-b4c7-a09fad9f2d1c');
INSERT INTO users_groups (user_id, group_id) VALUES ('qU3r8Ld2JqoWhkQMnl7eyuk2cv4s', '66f9c4b8-8e5f-4b23-a24b-88b765f9d43a');
INSERT INTO users_groups (user_id, group_id) VALUES ('qU3r8Ld2JqoWhkQMnl7eyuk2cv4s', '53a746f9-e8a8-4bcf-a42d-25c8ea1875b0');
INSERT INTO users_groups (user_id, group_id) VALUES ('wDalc3CLbaz3ErRVy6VclADM2dhp', 'ab241d61-aad4-42de-999e-2067df991b1d');
INSERT INTO users_groups (user_id, group_id) VALUES ('wDalc3CLbaz3ErRVy6VclADM2dhp', 'cd9fb0b7-9e7a-49d1-a707-b4dc79b90abc');
INSERT INTO users_groups (user_id, group_id) VALUES ('wDalc3CLbaz3ErRVy6VclADM2dhp', '686d1d12-cb98-4e27-b434-254d4bc4b134');
INSERT INTO users_groups (user_id, group_id) VALUES ('wDalc3CLbaz3ErRVy6VclADM2dhp', '99a841d6-3803-4738-ad01-5ea87be2deb0');
INSERT INTO users_groups (user_id, group_id) VALUES ('wDalc3CLbaz3ErRVy6VclADM2dhp', 'da6ce653-941f-407d-8635-8e6b7dfbb638');
INSERT INTO users_groups (user_id, group_id) VALUES ('EYjy52cdMh0aWAmywf4vqx7pUcfm', '2cab6446-986d-433e-ac9c-48f151ce67c5');
INSERT INTO users_groups (user_id, group_id) VALUES ('EYjy52cdMh0aWAmywf4vqx7pUcfm', '53a746f9-e8a8-4bcf-a42d-25c8ea1875b0');
INSERT INTO users_groups (user_id, group_id) VALUES ('EYjy52cdMh0aWAmywf4vqx7pUcfm', 'f674cdcf-191b-447a-8177-fd94956762de');
INSERT INTO users_groups (user_id, group_id) VALUES ('EYjy52cdMh0aWAmywf4vqx7pUcfm', 'babd7a69-0c9d-43af-be9b-130c5888f768');
INSERT INTO users_groups (user_id, group_id) VALUES ('EYjy52cdMh0aWAmywf4vqx7pUcfm', '379e4bd7-c8c6-4688-8ef5-f399b54a4d4f');
INSERT INTO users_groups (user_id, group_id) VALUES ('RvjVxsX8mbpgWRfrwIr2X69g4fnD', '9d124215-c9e5-4a87-bc32-bc385329539a');
INSERT INTO users_groups (user_id, group_id) VALUES ('RvjVxsX8mbpgWRfrwIr2X69g4fnD', 'da6ce653-941f-407d-8635-8e6b7dfbb638');
INSERT INTO users_groups (user_id, group_id) VALUES ('RvjVxsX8mbpgWRfrwIr2X69g4fnD', '2a77c716-2263-4e56-8697-59456d282e33');
INSERT INTO users_groups (user_id, group_id) VALUES ('RvjVxsX8mbpgWRfrwIr2X69g4fnD', '379e4bd7-c8c6-4688-8ef5-f399b54a4d4f');
INSERT INTO users_groups (user_id, group_id) VALUES ('RvjVxsX8mbpgWRfrwIr2X69g4fnD', '06b845ce-7f47-4c87-a929-d5875fa43824');
INSERT INTO users_groups (user_id, group_id) VALUES ('sk8DexsnOzLWTbR9OY7MGWfsQDPL', '936ef804-0cf9-4f4c-b4c7-a09fad9f2d1c');
INSERT INTO users_groups (user_id, group_id) VALUES ('sk8DexsnOzLWTbR9OY7MGWfsQDPL', '7a38c681-312d-47da-a209-8ad7fbce4be9');
INSERT INTO users_groups (user_id, group_id) VALUES ('sk8DexsnOzLWTbR9OY7MGWfsQDPL', 'da6ce653-941f-407d-8635-8e6b7dfbb638');
INSERT INTO users_groups (user_id, group_id) VALUES ('sk8DexsnOzLWTbR9OY7MGWfsQDPL', 'cd9fb0b7-9e7a-49d1-a707-b4dc79b90abc');
INSERT INTO users_groups (user_id, group_id) VALUES ('sk8DexsnOzLWTbR9OY7MGWfsQDPL', '99a841d6-3803-4738-ad01-5ea87be2deb0');
INSERT INTO users_groups (user_id, group_id) VALUES ('DJtLPqtcBDfrtA4haEDJ11VLG1gP', 'a71ffa62-9105-4435-acee-48afe2af26c5');
INSERT INTO users_groups (user_id, group_id) VALUES ('DJtLPqtcBDfrtA4haEDJ11VLG1gP', 'ab241d61-aad4-42de-999e-2067df991b1d');
INSERT INTO users_groups (user_id, group_id) VALUES ('DJtLPqtcBDfrtA4haEDJ11VLG1gP', '99a841d6-3803-4738-ad01-5ea87be2deb0');
INSERT INTO users_groups (user_id, group_id) VALUES ('DJtLPqtcBDfrtA4haEDJ11VLG1gP', 'cd9fb0b7-9e7a-49d1-a707-b4dc79b90abc');
INSERT INTO users_groups (user_id, group_id) VALUES ('DJtLPqtcBDfrtA4haEDJ11VLG1gP', 'f674cdcf-191b-447a-8177-fd94956762de');
INSERT INTO users_groups (user_id, group_id) VALUES ('ECauXTbNq5p5sHKncyTsxnSTHtFf', '7a38c681-312d-47da-a209-8ad7fbce4be9');
INSERT INTO users_groups (user_id, group_id) VALUES ('ECauXTbNq5p5sHKncyTsxnSTHtFf', 'cd9fb0b7-9e7a-49d1-a707-b4dc79b90abc');
INSERT INTO users_groups (user_id, group_id) VALUES ('ECauXTbNq5p5sHKncyTsxnSTHtFf', '9d124215-c9e5-4a87-bc32-bc385329539a');
INSERT INTO users_groups (user_id, group_id) VALUES ('ECauXTbNq5p5sHKncyTsxnSTHtFf', '66f9c4b8-8e5f-4b23-a24b-88b765f9d43a');
INSERT INTO users_groups (user_id, group_id) VALUES ('ECauXTbNq5p5sHKncyTsxnSTHtFf', 'da6ce653-941f-407d-8635-8e6b7dfbb638');
INSERT INTO users_groups (user_id, group_id) VALUES ('AEABlkBv3a0O3g6buvTJBFFI57Ov', '379e4bd7-c8c6-4688-8ef5-f399b54a4d4f');
INSERT INTO users_groups (user_id, group_id) VALUES ('AEABlkBv3a0O3g6buvTJBFFI57Ov', '12fe4b23-e380-4427-8b40-b8cd09717d3f');
INSERT INTO users_groups (user_id, group_id) VALUES ('AEABlkBv3a0O3g6buvTJBFFI57Ov', '9d124215-c9e5-4a87-bc32-bc385329539a');
INSERT INTO users_groups (user_id, group_id) VALUES ('AEABlkBv3a0O3g6buvTJBFFI57Ov', '7a38c681-312d-47da-a209-8ad7fbce4be9');
INSERT INTO users_groups (user_id, group_id) VALUES ('AEABlkBv3a0O3g6buvTJBFFI57Ov', '66f9c4b8-8e5f-4b23-a24b-88b765f9d43a');
INSERT INTO users_groups (user_id, group_id) VALUES ('iQ9SNo6sxcspIpIVxIYjVzIlmxrm', '7a38c681-312d-47da-a209-8ad7fbce4be9');
INSERT INTO users_groups (user_id, group_id) VALUES ('iQ9SNo6sxcspIpIVxIYjVzIlmxrm', 'ab241d61-aad4-42de-999e-2067df991b1d');
INSERT INTO users_groups (user_id, group_id) VALUES ('iQ9SNo6sxcspIpIVxIYjVzIlmxrm', 'cd9fb0b7-9e7a-49d1-a707-b4dc79b90abc');
INSERT INTO users_groups (user_id, group_id) VALUES ('iQ9SNo6sxcspIpIVxIYjVzIlmxrm', 'babd7a69-0c9d-43af-be9b-130c5888f768');
INSERT INTO users_groups (user_id, group_id) VALUES ('iQ9SNo6sxcspIpIVxIYjVzIlmxrm', '2cab6446-986d-433e-ac9c-48f151ce67c5');
INSERT INTO users_groups (user_id, group_id) VALUES ('y4Zii5KQLwndCZWEfkBZyhSSXmM6', '53a746f9-e8a8-4bcf-a42d-25c8ea1875b0');
INSERT INTO users_groups (user_id, group_id) VALUES ('y4Zii5KQLwndCZWEfkBZyhSSXmM6', '2cab6446-986d-433e-ac9c-48f151ce67c5');
INSERT INTO users_groups (user_id, group_id) VALUES ('y4Zii5KQLwndCZWEfkBZyhSSXmM6', 'babd7a69-0c9d-43af-be9b-130c5888f768');
INSERT INTO users_groups (user_id, group_id) VALUES ('y4Zii5KQLwndCZWEfkBZyhSSXmM6', '2a77c716-2263-4e56-8697-59456d282e33');
INSERT INTO users_groups (user_id, group_id) VALUES ('y4Zii5KQLwndCZWEfkBZyhSSXmM6', '936ef804-0cf9-4f4c-b4c7-a09fad9f2d1c');
INSERT INTO users_groups (user_id, group_id) VALUES ('A2TGV1nQN4bCVtekVSYJOW4fBTKZ', '9d124215-c9e5-4a87-bc32-bc385329539a');
INSERT INTO users_groups (user_id, group_id) VALUES ('A2TGV1nQN4bCVtekVSYJOW4fBTKZ', '66f9c4b8-8e5f-4b23-a24b-88b765f9d43a');
INSERT INTO users_groups (user_id, group_id) VALUES ('A2TGV1nQN4bCVtekVSYJOW4fBTKZ', '936ef804-0cf9-4f4c-b4c7-a09fad9f2d1c');
INSERT INTO users_groups (user_id, group_id) VALUES ('A2TGV1nQN4bCVtekVSYJOW4fBTKZ', '2a77c716-2263-4e56-8697-59456d282e33');
INSERT INTO users_groups (user_id, group_id) VALUES ('A2TGV1nQN4bCVtekVSYJOW4fBTKZ', '53a746f9-e8a8-4bcf-a42d-25c8ea1875b0');
INSERT INTO users_groups (user_id, group_id) VALUES ('mpVuMgEs0Hoi66saCIUiQruP9P9L', '686d1d12-cb98-4e27-b434-254d4bc4b134');
INSERT INTO users_groups (user_id, group_id) VALUES ('mpVuMgEs0Hoi66saCIUiQruP9P9L', 'da6ce653-941f-407d-8635-8e6b7dfbb638');
INSERT INTO users_groups (user_id, group_id) VALUES ('mpVuMgEs0Hoi66saCIUiQruP9P9L', '379e4bd7-c8c6-4688-8ef5-f399b54a4d4f');
INSERT INTO users_groups (user_id, group_id) VALUES ('mpVuMgEs0Hoi66saCIUiQruP9P9L', '12fe4b23-e380-4427-8b40-b8cd09717d3f');
INSERT INTO users_groups (user_id, group_id) VALUES ('mpVuMgEs0Hoi66saCIUiQruP9P9L', 'cd9fb0b7-9e7a-49d1-a707-b4dc79b90abc');
INSERT INTO users_groups (user_id, group_id) VALUES ('yTUmNQG4C2sGsuDyk6psrVKaBpd4', '99a841d6-3803-4738-ad01-5ea87be2deb0');
INSERT INTO users_groups (user_id, group_id) VALUES ('yTUmNQG4C2sGsuDyk6psrVKaBpd4', '4f0f53b3-039d-4cf6-98f3-7d5623720062');
INSERT INTO users_groups (user_id, group_id) VALUES ('yTUmNQG4C2sGsuDyk6psrVKaBpd4', '2cab6446-986d-433e-ac9c-48f151ce67c5');
INSERT INTO users_groups (user_id, group_id) VALUES ('yTUmNQG4C2sGsuDyk6psrVKaBpd4', 'a71ffa62-9105-4435-acee-48afe2af26c5');
INSERT INTO users_groups (user_id, group_id) VALUES ('yTUmNQG4C2sGsuDyk6psrVKaBpd4', '9d124215-c9e5-4a87-bc32-bc385329539a');
INSERT INTO users_groups (user_id, group_id) VALUES ('yr5DgzBitMBkLUQvB1ASQ76KfH28', '99a841d6-3803-4738-ad01-5ea87be2deb0');
INSERT INTO users_groups (user_id, group_id) VALUES ('yr5DgzBitMBkLUQvB1ASQ76KfH28', '66f9c4b8-8e5f-4b23-a24b-88b765f9d43a');
INSERT INTO users_groups (user_id, group_id) VALUES ('yr5DgzBitMBkLUQvB1ASQ76KfH28', 'f674cdcf-191b-447a-8177-fd94956762de');
INSERT INTO users_groups (user_id, group_id) VALUES ('yr5DgzBitMBkLUQvB1ASQ76KfH28', '936ef804-0cf9-4f4c-b4c7-a09fad9f2d1c');
INSERT INTO users_groups (user_id, group_id) VALUES ('yr5DgzBitMBkLUQvB1ASQ76KfH28', 'd54eb1b7-bca7-4855-aa42-c93ebdea3547');
INSERT INTO users_groups (user_id, group_id) VALUES ('EvsI2Uyib3Yh7BJnjRdqQvp8GxZt', 'd54eb1b7-bca7-4855-aa42-c93ebdea3547');
INSERT INTO users_groups (user_id, group_id) VALUES ('EvsI2Uyib3Yh7BJnjRdqQvp8GxZt', '7a38c681-312d-47da-a209-8ad7fbce4be9');
INSERT INTO users_groups (user_id, group_id) VALUES ('EvsI2Uyib3Yh7BJnjRdqQvp8GxZt', '2cab6446-986d-433e-ac9c-48f151ce67c5');
INSERT INTO users_groups (user_id, group_id) VALUES ('EvsI2Uyib3Yh7BJnjRdqQvp8GxZt', 'a71ffa62-9105-4435-acee-48afe2af26c5');
INSERT INTO users_groups (user_id, group_id) VALUES ('EvsI2Uyib3Yh7BJnjRdqQvp8GxZt', '12fe4b23-e380-4427-8b40-b8cd09717d3f');
INSERT INTO users_groups (user_id, group_id) VALUES ('z5PRxJe3SymtwT3QRRg0NeS6GVsR', '12fe4b23-e380-4427-8b40-b8cd09717d3f');
INSERT INTO users_groups (user_id, group_id) VALUES ('z5PRxJe3SymtwT3QRRg0NeS6GVsR', '379e4bd7-c8c6-4688-8ef5-f399b54a4d4f');
INSERT INTO users_groups (user_id, group_id) VALUES ('z5PRxJe3SymtwT3QRRg0NeS6GVsR', '2cab6446-986d-433e-ac9c-48f151ce67c5');
INSERT INTO users_groups (user_id, group_id) VALUES ('z5PRxJe3SymtwT3QRRg0NeS6GVsR', 'f674cdcf-191b-447a-8177-fd94956762de');
INSERT INTO users_groups (user_id, group_id) VALUES ('z5PRxJe3SymtwT3QRRg0NeS6GVsR', '99a841d6-3803-4738-ad01-5ea87be2deb0');
INSERT INTO users_groups (user_id, group_id) VALUES ('CiXvYugGZv02QEAPsDxzhbVx1ch9', '686d1d12-cb98-4e27-b434-254d4bc4b134');
INSERT INTO users_groups (user_id, group_id) VALUES ('CiXvYugGZv02QEAPsDxzhbVx1ch9', '4f0f53b3-039d-4cf6-98f3-7d5623720062');
INSERT INTO users_groups (user_id, group_id) VALUES ('CiXvYugGZv02QEAPsDxzhbVx1ch9', '936ef804-0cf9-4f4c-b4c7-a09fad9f2d1c');
INSERT INTO users_groups (user_id, group_id) VALUES ('CiXvYugGZv02QEAPsDxzhbVx1ch9', '06b845ce-7f47-4c87-a929-d5875fa43824');
INSERT INTO users_groups (user_id, group_id) VALUES ('CiXvYugGZv02QEAPsDxzhbVx1ch9', 'f674cdcf-191b-447a-8177-fd94956762de');
INSERT INTO users_groups (user_id, group_id) VALUES ('V3wCZO6BUOlN8VIj9PBdqnES0FYT', '936ef804-0cf9-4f4c-b4c7-a09fad9f2d1c');
INSERT INTO users_groups (user_id, group_id) VALUES ('V3wCZO6BUOlN8VIj9PBdqnES0FYT', 'a71ffa62-9105-4435-acee-48afe2af26c5');
INSERT INTO users_groups (user_id, group_id) VALUES ('V3wCZO6BUOlN8VIj9PBdqnES0FYT', 'ab241d61-aad4-42de-999e-2067df991b1d');
INSERT INTO users_groups (user_id, group_id) VALUES ('V3wCZO6BUOlN8VIj9PBdqnES0FYT', 'da6ce653-941f-407d-8635-8e6b7dfbb638');
INSERT INTO users_groups (user_id, group_id) VALUES ('V3wCZO6BUOlN8VIj9PBdqnES0FYT', 'f674cdcf-191b-447a-8177-fd94956762de');
INSERT INTO users_groups (user_id, group_id) VALUES ('Yzc6ncXdf7L6MvKuL4BMQrrtOSmd', 'cd9fb0b7-9e7a-49d1-a707-b4dc79b90abc');
INSERT INTO users_groups (user_id, group_id) VALUES ('Yzc6ncXdf7L6MvKuL4BMQrrtOSmd', '53a746f9-e8a8-4bcf-a42d-25c8ea1875b0');
INSERT INTO users_groups (user_id, group_id) VALUES ('Yzc6ncXdf7L6MvKuL4BMQrrtOSmd', 'da6ce653-941f-407d-8635-8e6b7dfbb638');
INSERT INTO users_groups (user_id, group_id) VALUES ('Yzc6ncXdf7L6MvKuL4BMQrrtOSmd', '99a841d6-3803-4738-ad01-5ea87be2deb0');
INSERT INTO users_groups (user_id, group_id) VALUES ('Yzc6ncXdf7L6MvKuL4BMQrrtOSmd', '66f9c4b8-8e5f-4b23-a24b-88b765f9d43a');
INSERT INTO users_groups (user_id, group_id) VALUES ('Srxlseed9EU3hY0228UgWcBTv52H', 'ab241d61-aad4-42de-999e-2067df991b1d');
INSERT INTO users_groups (user_id, group_id) VALUES ('Srxlseed9EU3hY0228UgWcBTv52H', '99a841d6-3803-4738-ad01-5ea87be2deb0');
INSERT INTO users_groups (user_id, group_id) VALUES ('Srxlseed9EU3hY0228UgWcBTv52H', 'f674cdcf-191b-447a-8177-fd94956762de');
INSERT INTO users_groups (user_id, group_id) VALUES ('Srxlseed9EU3hY0228UgWcBTv52H', '379e4bd7-c8c6-4688-8ef5-f399b54a4d4f');
INSERT INTO users_groups (user_id, group_id) VALUES ('Srxlseed9EU3hY0228UgWcBTv52H', 'a71ffa62-9105-4435-acee-48afe2af26c5');
INSERT INTO rooms (id, owner_id, title, description, is_public, group_id, start_time, end_time, count) VALUES ('6db37199-592c-408c-93b0-37937ffc6116', 'qU3r8Ld2JqoWhkQMnl7eyuk2cv4s', 'title_0', 'description_0', 'True', '99a841d6-3803-4738-ad01-5ea87be2deb0', '2023-06-14 10:46:05.282877', '2023-06-14 10:46:05.282879', '0');
INSERT INTO rooms (id, owner_id, title, description, is_public, group_id, start_time, end_time, count) VALUES ('3d2a0254-1e55-44b0-9200-c2946d889c03', 'wDalc3CLbaz3ErRVy6VclADM2dhp', 'title_1', 'description_1', 'True', '2a77c716-2263-4e56-8697-59456d282e33', '2023-06-14 10:46:05.282888', '2023-06-14 10:46:05.282888', '0');
INSERT INTO rooms (id, owner_id, title, description, is_public, group_id, start_time, end_time, count) VALUES ('c6d290d9-17b7-46fd-8dbd-05dea3576f79', 'EYjy52cdMh0aWAmywf4vqx7pUcfm', 'title_2', 'description_2', 'True', '12fe4b23-e380-4427-8b40-b8cd09717d3f', '2023-06-14 10:46:05.282895', '2023-06-14 10:46:05.282896', '0');
INSERT INTO rooms (id, owner_id, title, description, is_public, group_id, start_time, end_time, count) VALUES ('db0760ca-6e4e-43a4-87ee-3ac4259b9d07', 'RvjVxsX8mbpgWRfrwIr2X69g4fnD', 'title_3', 'description_3', 'True', 'f674cdcf-191b-447a-8177-fd94956762de', '2023-06-14 10:46:05.282902', '2023-06-14 10:46:05.282902', '0');
INSERT INTO rooms (id, owner_id, title, description, is_public, group_id, start_time, end_time, count) VALUES ('73935035-1e65-4ed1-918e-4907bd650d7c', 'sk8DexsnOzLWTbR9OY7MGWfsQDPL', 'title_4', 'description_4', 'True', '2cab6446-986d-433e-ac9c-48f151ce67c5', '2023-06-14 10:46:05.282908', '2023-06-14 10:46:05.282909', '0');
INSERT INTO rooms (id, owner_id, title, description, is_public, group_id, start_time, end_time, count) VALUES ('16501f14-2a9f-4144-8fde-7254d18cc9cf', 'DJtLPqtcBDfrtA4haEDJ11VLG1gP', 'title_5', 'description_5', 'True', 'a71ffa62-9105-4435-acee-48afe2af26c5', '2023-06-14 10:46:05.282914', '2023-06-14 10:46:05.282915', '0');
INSERT INTO rooms (id, owner_id, title, description, is_public, group_id, start_time, end_time, count) VALUES ('8d9f9367-253e-4232-9f67-4fc18a87e375', 'ECauXTbNq5p5sHKncyTsxnSTHtFf', 'title_6', 'description_6', 'True', '379e4bd7-c8c6-4688-8ef5-f399b54a4d4f', '2023-06-14 10:46:05.282920', '2023-06-14 10:46:05.282921', '0');
INSERT INTO rooms (id, owner_id, title, description, is_public, group_id, start_time, end_time, count) VALUES ('731d88db-8fe0-4385-9b14-aead3585c740', 'AEABlkBv3a0O3g6buvTJBFFI57Ov', 'title_7', 'description_7', 'True', '4f0f53b3-039d-4cf6-98f3-7d5623720062', '2023-06-14 10:46:05.282926', '2023-06-14 10:46:05.282927', '0');
INSERT INTO rooms (id, owner_id, title, description, is_public, group_id, start_time, end_time, count) VALUES ('61ff6a80-f67b-4534-b1aa-c8b5bd39425f', 'iQ9SNo6sxcspIpIVxIYjVzIlmxrm', 'title_8', 'description_8', 'True', '53a746f9-e8a8-4bcf-a42d-25c8ea1875b0', '2023-06-14 10:46:05.282934', '2023-06-14 10:46:05.282935', '0');
INSERT INTO rooms (id, owner_id, title, description, is_public, group_id, start_time, end_time, count) VALUES ('66b8a288-8790-45f3-841a-f478d3636d17', 'y4Zii5KQLwndCZWEfkBZyhSSXmM6', 'title_9', 'description_9', 'True', '9d124215-c9e5-4a87-bc32-bc385329539a', '2023-06-14 10:46:05.282941', '2023-06-14 10:46:05.282942', '0');
INSERT INTO rooms (id, owner_id, title, description, is_public, group_id, start_time, end_time, count) VALUES ('00c32871-820f-4104-8a0d-37f6c2c752fe', 'A2TGV1nQN4bCVtekVSYJOW4fBTKZ', 'title_10', 'description_10', 'True', '936ef804-0cf9-4f4c-b4c7-a09fad9f2d1c', '2023-06-14 10:46:05.282947', '2023-06-14 10:46:05.282947', '0');
INSERT INTO rooms (id, owner_id, title, description, is_public, group_id, start_time, end_time, count) VALUES ('6ac2e145-9f78-44ba-a72c-ad260bd3342f', 'mpVuMgEs0Hoi66saCIUiQruP9P9L', 'title_11', 'description_11', 'True', '06b845ce-7f47-4c87-a929-d5875fa43824', '2023-06-14 10:46:05.282953', '2023-06-14 10:46:05.282954', '0');
INSERT INTO rooms (id, owner_id, title, description, is_public, group_id, start_time, end_time, count) VALUES ('4637b01a-3cc6-458d-8306-4a65c0b078dd', 'yTUmNQG4C2sGsuDyk6psrVKaBpd4', 'title_12', 'description_12', 'True', 'cd9fb0b7-9e7a-49d1-a707-b4dc79b90abc', '2023-06-14 10:46:05.282959', '2023-06-14 10:46:05.282959', '0');
INSERT INTO rooms (id, owner_id, title, description, is_public, group_id, start_time, end_time, count) VALUES ('a7cc866e-a5e1-4d69-be5c-a63897e3989d', 'yr5DgzBitMBkLUQvB1ASQ76KfH28', 'title_13', 'description_13', 'True', 'd54eb1b7-bca7-4855-aa42-c93ebdea3547', '2023-06-14 10:46:05.282965', '2023-06-14 10:46:05.282965', '0');
INSERT INTO rooms (id, owner_id, title, description, is_public, group_id, start_time, end_time, count) VALUES ('3e8eb481-9cac-4034-9387-8aee2503ce1d', 'EvsI2Uyib3Yh7BJnjRdqQvp8GxZt', 'title_14', 'description_14', 'True', '66f9c4b8-8e5f-4b23-a24b-88b765f9d43a', '2023-06-14 10:46:05.282970', '2023-06-14 10:46:05.282971', '0');
INSERT INTO rooms (id, owner_id, title, description, is_public, group_id, start_time, end_time, count) VALUES ('d345dc6d-3c9d-460b-bb75-6c2980ac366f', 'z5PRxJe3SymtwT3QRRg0NeS6GVsR', 'title_15', 'description_15', 'True', 'da6ce653-941f-407d-8635-8e6b7dfbb638', '2023-06-14 10:46:05.282976', '2023-06-14 10:46:05.282976', '0');
INSERT INTO rooms (id, owner_id, title, description, is_public, group_id, start_time, end_time, count) VALUES ('b8ec7312-de94-4874-b8d0-368b0b5f2f1a', 'CiXvYugGZv02QEAPsDxzhbVx1ch9', 'title_16', 'description_16', 'True', 'babd7a69-0c9d-43af-be9b-130c5888f768', '2023-06-14 10:46:05.282981', '2023-06-14 10:46:05.282981', '0');
INSERT INTO rooms (id, owner_id, title, description, is_public, group_id, start_time, end_time, count) VALUES ('4968d4ee-4d96-4cbd-9eca-4d8cb65e84e3', 'V3wCZO6BUOlN8VIj9PBdqnES0FYT', 'title_17', 'description_17', 'True', '686d1d12-cb98-4e27-b434-254d4bc4b134', '2023-06-14 10:46:05.282987', '2023-06-14 10:46:05.282987', '0');
INSERT INTO rooms (id, owner_id, title, description, is_public, group_id, start_time, end_time, count) VALUES ('9e620f96-25c1-45b6-bd36-21fbd3e461ae', 'Yzc6ncXdf7L6MvKuL4BMQrrtOSmd', 'title_18', 'description_18', 'True', 'ab241d61-aad4-42de-999e-2067df991b1d', '2023-06-14 10:46:05.282992', '2023-06-14 10:46:05.282993', '0');
INSERT INTO rooms (id, owner_id, title, description, is_public, group_id, start_time, end_time, count) VALUES ('12ff2406-bca9-4ee5-be4a-2c22ce4c4d8a', 'Srxlseed9EU3hY0228UgWcBTv52H', 'title_19', 'description_19', 'True', '7a38c681-312d-47da-a209-8ad7fbce4be9', '2023-06-14 10:46:05.282998', '2023-06-14 10:46:05.282998', '0');
INSERT INTO following (target_id, user_id) VALUES ('A2TGV1nQN4bCVtekVSYJOW4fBTKZ', 'qU3r8Ld2JqoWhkQMnl7eyuk2cv4s');
INSERT INTO following (target_id, user_id) VALUES ('DJtLPqtcBDfrtA4haEDJ11VLG1gP', 'qU3r8Ld2JqoWhkQMnl7eyuk2cv4s');
INSERT INTO following (target_id, user_id) VALUES ('z5PRxJe3SymtwT3QRRg0NeS6GVsR', 'qU3r8Ld2JqoWhkQMnl7eyuk2cv4s');
INSERT INTO following (target_id, user_id) VALUES ('wDalc3CLbaz3ErRVy6VclADM2dhp', 'qU3r8Ld2JqoWhkQMnl7eyuk2cv4s');
INSERT INTO following (target_id, user_id) VALUES ('y4Zii5KQLwndCZWEfkBZyhSSXmM6', 'qU3r8Ld2JqoWhkQMnl7eyuk2cv4s');
INSERT INTO following (target_id, user_id) VALUES ('yTUmNQG4C2sGsuDyk6psrVKaBpd4', 'wDalc3CLbaz3ErRVy6VclADM2dhp');
INSERT INTO following (target_id, user_id) VALUES ('z5PRxJe3SymtwT3QRRg0NeS6GVsR', 'wDalc3CLbaz3ErRVy6VclADM2dhp');
INSERT INTO following (target_id, user_id) VALUES ('Srxlseed9EU3hY0228UgWcBTv52H', 'wDalc3CLbaz3ErRVy6VclADM2dhp');
INSERT INTO following (target_id, user_id) VALUES ('qU3r8Ld2JqoWhkQMnl7eyuk2cv4s', 'wDalc3CLbaz3ErRVy6VclADM2dhp');
INSERT INTO following (target_id, user_id) VALUES ('EYjy52cdMh0aWAmywf4vqx7pUcfm', 'wDalc3CLbaz3ErRVy6VclADM2dhp');
INSERT INTO following (target_id, user_id) VALUES ('AEABlkBv3a0O3g6buvTJBFFI57Ov', 'EYjy52cdMh0aWAmywf4vqx7pUcfm');
INSERT INTO following (target_id, user_id) VALUES ('z5PRxJe3SymtwT3QRRg0NeS6GVsR', 'EYjy52cdMh0aWAmywf4vqx7pUcfm');
INSERT INTO following (target_id, user_id) VALUES ('A2TGV1nQN4bCVtekVSYJOW4fBTKZ', 'EYjy52cdMh0aWAmywf4vqx7pUcfm');
INSERT INTO following (target_id, user_id) VALUES ('V3wCZO6BUOlN8VIj9PBdqnES0FYT', 'EYjy52cdMh0aWAmywf4vqx7pUcfm');
INSERT INTO following (target_id, user_id) VALUES ('yTUmNQG4C2sGsuDyk6psrVKaBpd4', 'EYjy52cdMh0aWAmywf4vqx7pUcfm');
INSERT INTO following (target_id, user_id) VALUES ('ECauXTbNq5p5sHKncyTsxnSTHtFf', 'RvjVxsX8mbpgWRfrwIr2X69g4fnD');
INSERT INTO following (target_id, user_id) VALUES ('V3wCZO6BUOlN8VIj9PBdqnES0FYT', 'RvjVxsX8mbpgWRfrwIr2X69g4fnD');
INSERT INTO following (target_id, user_id) VALUES ('y4Zii5KQLwndCZWEfkBZyhSSXmM6', 'RvjVxsX8mbpgWRfrwIr2X69g4fnD');
INSERT INTO following (target_id, user_id) VALUES ('qU3r8Ld2JqoWhkQMnl7eyuk2cv4s', 'RvjVxsX8mbpgWRfrwIr2X69g4fnD');
INSERT INTO following (target_id, user_id) VALUES ('z5PRxJe3SymtwT3QRRg0NeS6GVsR', 'RvjVxsX8mbpgWRfrwIr2X69g4fnD');
INSERT INTO following (target_id, user_id) VALUES ('RvjVxsX8mbpgWRfrwIr2X69g4fnD', 'sk8DexsnOzLWTbR9OY7MGWfsQDPL');
INSERT INTO following (target_id, user_id) VALUES ('ECauXTbNq5p5sHKncyTsxnSTHtFf', 'sk8DexsnOzLWTbR9OY7MGWfsQDPL');
INSERT INTO following (target_id, user_id) VALUES ('CiXvYugGZv02QEAPsDxzhbVx1ch9', 'sk8DexsnOzLWTbR9OY7MGWfsQDPL');
INSERT INTO following (target_id, user_id) VALUES ('yr5DgzBitMBkLUQvB1ASQ76KfH28', 'sk8DexsnOzLWTbR9OY7MGWfsQDPL');
INSERT INTO following (target_id, user_id) VALUES ('mpVuMgEs0Hoi66saCIUiQruP9P9L', 'sk8DexsnOzLWTbR9OY7MGWfsQDPL');
INSERT INTO following (target_id, user_id) VALUES ('qU3r8Ld2JqoWhkQMnl7eyuk2cv4s', 'DJtLPqtcBDfrtA4haEDJ11VLG1gP');
INSERT INTO following (target_id, user_id) VALUES ('ECauXTbNq5p5sHKncyTsxnSTHtFf', 'DJtLPqtcBDfrtA4haEDJ11VLG1gP');
INSERT INTO following (target_id, user_id) VALUES ('A2TGV1nQN4bCVtekVSYJOW4fBTKZ', 'DJtLPqtcBDfrtA4haEDJ11VLG1gP');
INSERT INTO following (target_id, user_id) VALUES ('mpVuMgEs0Hoi66saCIUiQruP9P9L', 'DJtLPqtcBDfrtA4haEDJ11VLG1gP');
INSERT INTO following (target_id, user_id) VALUES ('Yzc6ncXdf7L6MvKuL4BMQrrtOSmd', 'DJtLPqtcBDfrtA4haEDJ11VLG1gP');
INSERT INTO following (target_id, user_id) VALUES ('CiXvYugGZv02QEAPsDxzhbVx1ch9', 'ECauXTbNq5p5sHKncyTsxnSTHtFf');
INSERT INTO following (target_id, user_id) VALUES ('Srxlseed9EU3hY0228UgWcBTv52H', 'ECauXTbNq5p5sHKncyTsxnSTHtFf');
INSERT INTO following (target_id, user_id) VALUES ('qU3r8Ld2JqoWhkQMnl7eyuk2cv4s', 'ECauXTbNq5p5sHKncyTsxnSTHtFf');
INSERT INTO following (target_id, user_id) VALUES ('V3wCZO6BUOlN8VIj9PBdqnES0FYT', 'ECauXTbNq5p5sHKncyTsxnSTHtFf');
INSERT INTO following (target_id, user_id) VALUES ('wDalc3CLbaz3ErRVy6VclADM2dhp', 'ECauXTbNq5p5sHKncyTsxnSTHtFf');
INSERT INTO following (target_id, user_id) VALUES ('V3wCZO6BUOlN8VIj9PBdqnES0FYT', 'AEABlkBv3a0O3g6buvTJBFFI57Ov');
INSERT INTO following (target_id, user_id) VALUES ('EYjy52cdMh0aWAmywf4vqx7pUcfm', 'AEABlkBv3a0O3g6buvTJBFFI57Ov');
INSERT INTO following (target_id, user_id) VALUES ('EvsI2Uyib3Yh7BJnjRdqQvp8GxZt', 'AEABlkBv3a0O3g6buvTJBFFI57Ov');
INSERT INTO following (target_id, user_id) VALUES ('y4Zii5KQLwndCZWEfkBZyhSSXmM6', 'AEABlkBv3a0O3g6buvTJBFFI57Ov');
INSERT INTO following (target_id, user_id) VALUES ('mpVuMgEs0Hoi66saCIUiQruP9P9L', 'AEABlkBv3a0O3g6buvTJBFFI57Ov');
INSERT INTO following (target_id, user_id) VALUES ('yr5DgzBitMBkLUQvB1ASQ76KfH28', 'iQ9SNo6sxcspIpIVxIYjVzIlmxrm');
INSERT INTO following (target_id, user_id) VALUES ('ECauXTbNq5p5sHKncyTsxnSTHtFf', 'iQ9SNo6sxcspIpIVxIYjVzIlmxrm');
INSERT INTO following (target_id, user_id) VALUES ('DJtLPqtcBDfrtA4haEDJ11VLG1gP', 'iQ9SNo6sxcspIpIVxIYjVzIlmxrm');
INSERT INTO following (target_id, user_id) VALUES ('EYjy52cdMh0aWAmywf4vqx7pUcfm', 'iQ9SNo6sxcspIpIVxIYjVzIlmxrm');
INSERT INTO following (target_id, user_id) VALUES ('z5PRxJe3SymtwT3QRRg0NeS6GVsR', 'iQ9SNo6sxcspIpIVxIYjVzIlmxrm');
INSERT INTO following (target_id, user_id) VALUES ('qU3r8Ld2JqoWhkQMnl7eyuk2cv4s', 'y4Zii5KQLwndCZWEfkBZyhSSXmM6');
INSERT INTO following (target_id, user_id) VALUES ('DJtLPqtcBDfrtA4haEDJ11VLG1gP', 'y4Zii5KQLwndCZWEfkBZyhSSXmM6');
INSERT INTO following (target_id, user_id) VALUES ('z5PRxJe3SymtwT3QRRg0NeS6GVsR', 'y4Zii5KQLwndCZWEfkBZyhSSXmM6');
INSERT INTO following (target_id, user_id) VALUES ('EYjy52cdMh0aWAmywf4vqx7pUcfm', 'y4Zii5KQLwndCZWEfkBZyhSSXmM6');
INSERT INTO following (target_id, user_id) VALUES ('ECauXTbNq5p5sHKncyTsxnSTHtFf', 'y4Zii5KQLwndCZWEfkBZyhSSXmM6');
INSERT INTO following (target_id, user_id) VALUES ('DJtLPqtcBDfrtA4haEDJ11VLG1gP', 'A2TGV1nQN4bCVtekVSYJOW4fBTKZ');
INSERT INTO following (target_id, user_id) VALUES ('z5PRxJe3SymtwT3QRRg0NeS6GVsR', 'A2TGV1nQN4bCVtekVSYJOW4fBTKZ');
INSERT INTO following (target_id, user_id) VALUES ('ECauXTbNq5p5sHKncyTsxnSTHtFf', 'A2TGV1nQN4bCVtekVSYJOW4fBTKZ');
INSERT INTO following (target_id, user_id) VALUES ('y4Zii5KQLwndCZWEfkBZyhSSXmM6', 'A2TGV1nQN4bCVtekVSYJOW4fBTKZ');
INSERT INTO following (target_id, user_id) VALUES ('yr5DgzBitMBkLUQvB1ASQ76KfH28', 'A2TGV1nQN4bCVtekVSYJOW4fBTKZ');
INSERT INTO following (target_id, user_id) VALUES ('qU3r8Ld2JqoWhkQMnl7eyuk2cv4s', 'mpVuMgEs0Hoi66saCIUiQruP9P9L');
INSERT INTO following (target_id, user_id) VALUES ('yr5DgzBitMBkLUQvB1ASQ76KfH28', 'mpVuMgEs0Hoi66saCIUiQruP9P9L');
INSERT INTO following (target_id, user_id) VALUES ('CiXvYugGZv02QEAPsDxzhbVx1ch9', 'mpVuMgEs0Hoi66saCIUiQruP9P9L');
INSERT INTO following (target_id, user_id) VALUES ('ECauXTbNq5p5sHKncyTsxnSTHtFf', 'mpVuMgEs0Hoi66saCIUiQruP9P9L');
INSERT INTO following (target_id, user_id) VALUES ('wDalc3CLbaz3ErRVy6VclADM2dhp', 'mpVuMgEs0Hoi66saCIUiQruP9P9L');
INSERT INTO following (target_id, user_id) VALUES ('DJtLPqtcBDfrtA4haEDJ11VLG1gP', 'yTUmNQG4C2sGsuDyk6psrVKaBpd4');
INSERT INTO following (target_id, user_id) VALUES ('mpVuMgEs0Hoi66saCIUiQruP9P9L', 'yTUmNQG4C2sGsuDyk6psrVKaBpd4');
INSERT INTO following (target_id, user_id) VALUES ('ECauXTbNq5p5sHKncyTsxnSTHtFf', 'yTUmNQG4C2sGsuDyk6psrVKaBpd4');
INSERT INTO following (target_id, user_id) VALUES ('Srxlseed9EU3hY0228UgWcBTv52H', 'yTUmNQG4C2sGsuDyk6psrVKaBpd4');
INSERT INTO following (target_id, user_id) VALUES ('V3wCZO6BUOlN8VIj9PBdqnES0FYT', 'yTUmNQG4C2sGsuDyk6psrVKaBpd4');
INSERT INTO following (target_id, user_id) VALUES ('iQ9SNo6sxcspIpIVxIYjVzIlmxrm', 'yr5DgzBitMBkLUQvB1ASQ76KfH28');
INSERT INTO following (target_id, user_id) VALUES ('Yzc6ncXdf7L6MvKuL4BMQrrtOSmd', 'yr5DgzBitMBkLUQvB1ASQ76KfH28');
INSERT INTO following (target_id, user_id) VALUES ('RvjVxsX8mbpgWRfrwIr2X69g4fnD', 'yr5DgzBitMBkLUQvB1ASQ76KfH28');
INSERT INTO following (target_id, user_id) VALUES ('qU3r8Ld2JqoWhkQMnl7eyuk2cv4s', 'yr5DgzBitMBkLUQvB1ASQ76KfH28');
INSERT INTO following (target_id, user_id) VALUES ('CiXvYugGZv02QEAPsDxzhbVx1ch9', 'yr5DgzBitMBkLUQvB1ASQ76KfH28');
INSERT INTO following (target_id, user_id) VALUES ('yr5DgzBitMBkLUQvB1ASQ76KfH28', 'EvsI2Uyib3Yh7BJnjRdqQvp8GxZt');
INSERT INTO following (target_id, user_id) VALUES ('DJtLPqtcBDfrtA4haEDJ11VLG1gP', 'EvsI2Uyib3Yh7BJnjRdqQvp8GxZt');
INSERT INTO following (target_id, user_id) VALUES ('Yzc6ncXdf7L6MvKuL4BMQrrtOSmd', 'EvsI2Uyib3Yh7BJnjRdqQvp8GxZt');
INSERT INTO following (target_id, user_id) VALUES ('AEABlkBv3a0O3g6buvTJBFFI57Ov', 'EvsI2Uyib3Yh7BJnjRdqQvp8GxZt');
INSERT INTO following (target_id, user_id) VALUES ('Srxlseed9EU3hY0228UgWcBTv52H', 'EvsI2Uyib3Yh7BJnjRdqQvp8GxZt');
INSERT INTO following (target_id, user_id) VALUES ('yTUmNQG4C2sGsuDyk6psrVKaBpd4', 'z5PRxJe3SymtwT3QRRg0NeS6GVsR');
INSERT INTO following (target_id, user_id) VALUES ('ECauXTbNq5p5sHKncyTsxnSTHtFf', 'z5PRxJe3SymtwT3QRRg0NeS6GVsR');
INSERT INTO following (target_id, user_id) VALUES ('mpVuMgEs0Hoi66saCIUiQruP9P9L', 'z5PRxJe3SymtwT3QRRg0NeS6GVsR');
INSERT INTO following (target_id, user_id) VALUES ('wDalc3CLbaz3ErRVy6VclADM2dhp', 'z5PRxJe3SymtwT3QRRg0NeS6GVsR');
INSERT INTO following (target_id, user_id) VALUES ('AEABlkBv3a0O3g6buvTJBFFI57Ov', 'z5PRxJe3SymtwT3QRRg0NeS6GVsR');
INSERT INTO following (target_id, user_id) VALUES ('EvsI2Uyib3Yh7BJnjRdqQvp8GxZt', 'CiXvYugGZv02QEAPsDxzhbVx1ch9');
INSERT INTO following (target_id, user_id) VALUES ('sk8DexsnOzLWTbR9OY7MGWfsQDPL', 'CiXvYugGZv02QEAPsDxzhbVx1ch9');
INSERT INTO following (target_id, user_id) VALUES ('z5PRxJe3SymtwT3QRRg0NeS6GVsR', 'CiXvYugGZv02QEAPsDxzhbVx1ch9');
INSERT INTO following (target_id, user_id) VALUES ('iQ9SNo6sxcspIpIVxIYjVzIlmxrm', 'CiXvYugGZv02QEAPsDxzhbVx1ch9');
INSERT INTO following (target_id, user_id) VALUES ('Srxlseed9EU3hY0228UgWcBTv52H', 'CiXvYugGZv02QEAPsDxzhbVx1ch9');
INSERT INTO following (target_id, user_id) VALUES ('Yzc6ncXdf7L6MvKuL4BMQrrtOSmd', 'V3wCZO6BUOlN8VIj9PBdqnES0FYT');
INSERT INTO following (target_id, user_id) VALUES ('EYjy52cdMh0aWAmywf4vqx7pUcfm', 'V3wCZO6BUOlN8VIj9PBdqnES0FYT');
INSERT INTO following (target_id, user_id) VALUES ('z5PRxJe3SymtwT3QRRg0NeS6GVsR', 'V3wCZO6BUOlN8VIj9PBdqnES0FYT');
INSERT INTO following (target_id, user_id) VALUES ('y4Zii5KQLwndCZWEfkBZyhSSXmM6', 'V3wCZO6BUOlN8VIj9PBdqnES0FYT');
INSERT INTO following (target_id, user_id) VALUES ('EvsI2Uyib3Yh7BJnjRdqQvp8GxZt', 'V3wCZO6BUOlN8VIj9PBdqnES0FYT');
INSERT INTO following (target_id, user_id) VALUES ('mpVuMgEs0Hoi66saCIUiQruP9P9L', 'Yzc6ncXdf7L6MvKuL4BMQrrtOSmd');
INSERT INTO following (target_id, user_id) VALUES ('sk8DexsnOzLWTbR9OY7MGWfsQDPL', 'Yzc6ncXdf7L6MvKuL4BMQrrtOSmd');
INSERT INTO following (target_id, user_id) VALUES ('z5PRxJe3SymtwT3QRRg0NeS6GVsR', 'Yzc6ncXdf7L6MvKuL4BMQrrtOSmd');
INSERT INTO following (target_id, user_id) VALUES ('yr5DgzBitMBkLUQvB1ASQ76KfH28', 'Yzc6ncXdf7L6MvKuL4BMQrrtOSmd');
INSERT INTO following (target_id, user_id) VALUES ('RvjVxsX8mbpgWRfrwIr2X69g4fnD', 'Yzc6ncXdf7L6MvKuL4BMQrrtOSmd');
INSERT INTO following (target_id, user_id) VALUES ('y4Zii5KQLwndCZWEfkBZyhSSXmM6', 'Srxlseed9EU3hY0228UgWcBTv52H');
INSERT INTO following (target_id, user_id) VALUES ('A2TGV1nQN4bCVtekVSYJOW4fBTKZ', 'Srxlseed9EU3hY0228UgWcBTv52H');
INSERT INTO following (target_id, user_id) VALUES ('mpVuMgEs0Hoi66saCIUiQruP9P9L', 'Srxlseed9EU3hY0228UgWcBTv52H');
INSERT INTO following (target_id, user_id) VALUES ('wDalc3CLbaz3ErRVy6VclADM2dhp', 'Srxlseed9EU3hY0228UgWcBTv52H');
INSERT INTO following (target_id, user_id) VALUES ('ECauXTbNq5p5sHKncyTsxnSTHtFf', 'Srxlseed9EU3hY0228UgWcBTv52H');
INSERT INTO posts (id, user_id, content, created_at, update_at) VALUES ('2e804e46-fb8a-4a4b-90b0-b1234155505a', 'qU3r8Ld2JqoWhkQMnl7eyuk2cv4s', 'content_0', '2023-06-14 10:46:05.283181', '2023-06-14 10:46:05.283182');
INSERT INTO posts (id, user_id, content, created_at, update_at) VALUES ('a5cbf3f9-6c7c-462f-9f87-94b656821a8a', 'wDalc3CLbaz3ErRVy6VclADM2dhp', 'content_1', '2023-06-14 10:46:05.283188', '2023-06-14 10:46:05.283188');
INSERT INTO posts (id, user_id, content, created_at, update_at) VALUES ('db741768-5913-480d-932d-e30e59d193fc', 'EYjy52cdMh0aWAmywf4vqx7pUcfm', 'content_2', '2023-06-14 10:46:05.283193', '2023-06-14 10:46:05.283193');
INSERT INTO posts (id, user_id, content, created_at, update_at) VALUES ('04e0413e-70f7-4553-aeb1-6a1100be1a2f', 'RvjVxsX8mbpgWRfrwIr2X69g4fnD', 'content_3', '2023-06-14 10:46:05.283198', '2023-06-14 10:46:05.283198');
INSERT INTO posts (id, user_id, content, created_at, update_at) VALUES ('f74ad147-1648-4a33-aeb0-4d875239d7a7', 'sk8DexsnOzLWTbR9OY7MGWfsQDPL', 'content_4', '2023-06-14 10:46:05.283203', '2023-06-14 10:46:05.283203');
INSERT INTO posts (id, user_id, content, created_at, update_at) VALUES ('472c6216-4d4a-4663-af23-9fd8bcfa390c', 'DJtLPqtcBDfrtA4haEDJ11VLG1gP', 'content_5', '2023-06-14 10:46:05.283208', '2023-06-14 10:46:05.283208');
INSERT INTO posts (id, user_id, content, created_at, update_at) VALUES ('4fd3ed9a-9320-4784-9962-429207dc7d58', 'ECauXTbNq5p5sHKncyTsxnSTHtFf', 'content_6', '2023-06-14 10:46:05.283213', '2023-06-14 10:46:05.283213');
INSERT INTO posts (id, user_id, content, created_at, update_at) VALUES ('22b429e5-7239-4c34-803a-4b2bb2062516', 'AEABlkBv3a0O3g6buvTJBFFI57Ov', 'content_7', '2023-06-14 10:46:05.283217', '2023-06-14 10:46:05.283218');
INSERT INTO posts (id, user_id, content, created_at, update_at) VALUES ('7a886f2e-ac0c-471c-baa4-40eb4a496e5e', 'iQ9SNo6sxcspIpIVxIYjVzIlmxrm', 'content_8', '2023-06-14 10:46:05.283222', '2023-06-14 10:46:05.283222');
INSERT INTO posts (id, user_id, content, created_at, update_at) VALUES ('65d6a7a5-17ea-4ca1-9a50-446ca39fc012', 'y4Zii5KQLwndCZWEfkBZyhSSXmM6', 'content_9', '2023-06-14 10:46:05.283227', '2023-06-14 10:46:05.283227');
INSERT INTO posts (id, user_id, content, created_at, update_at) VALUES ('918ed0e1-4b7f-4f47-91e6-90c32f308653', 'A2TGV1nQN4bCVtekVSYJOW4fBTKZ', 'content_10', '2023-06-14 10:46:05.283231', '2023-06-14 10:46:05.283232');
INSERT INTO posts (id, user_id, content, created_at, update_at) VALUES ('60d41aed-f66c-47d6-a36b-a41f1a03820a', 'mpVuMgEs0Hoi66saCIUiQruP9P9L', 'content_11', '2023-06-14 10:46:05.283236', '2023-06-14 10:46:05.283236');
INSERT INTO posts (id, user_id, content, created_at, update_at) VALUES ('84f4c33b-e9a5-4d93-aa93-d8ce676e7ba2', 'yTUmNQG4C2sGsuDyk6psrVKaBpd4', 'content_12', '2023-06-14 10:46:05.283240', '2023-06-14 10:46:05.283241');
INSERT INTO posts (id, user_id, content, created_at, update_at) VALUES ('587c7bd9-ce6b-4180-b59e-03fa9fbc28e0', 'yr5DgzBitMBkLUQvB1ASQ76KfH28', 'content_13', '2023-06-14 10:46:05.283245', '2023-06-14 10:46:05.283245');
INSERT INTO posts (id, user_id, content, created_at, update_at) VALUES ('cd58eb9d-a3de-4b05-b88a-99becfe0dbfd', 'EvsI2Uyib3Yh7BJnjRdqQvp8GxZt', 'content_14', '2023-06-14 10:46:05.283250', '2023-06-14 10:46:05.283250');
INSERT INTO posts (id, user_id, content, created_at, update_at) VALUES ('364a0dbe-be9c-487d-b877-313cbed8a263', 'z5PRxJe3SymtwT3QRRg0NeS6GVsR', 'content_15', '2023-06-14 10:46:05.283254', '2023-06-14 10:46:05.283255');
INSERT INTO posts (id, user_id, content, created_at, update_at) VALUES ('15a3a656-4b92-403e-9220-1e93120edea6', 'CiXvYugGZv02QEAPsDxzhbVx1ch9', 'content_16', '2023-06-14 10:46:05.283259', '2023-06-14 10:46:05.283259');
INSERT INTO posts (id, user_id, content, created_at, update_at) VALUES ('45bc09b0-973e-4afc-964b-14379db2c031', 'V3wCZO6BUOlN8VIj9PBdqnES0FYT', 'content_17', '2023-06-14 10:46:05.283264', '2023-06-14 10:46:05.283264');
INSERT INTO posts (id, user_id, content, created_at, update_at) VALUES ('c75cadc2-d0bf-4c5a-ac65-be0186fd8f40', 'Yzc6ncXdf7L6MvKuL4BMQrrtOSmd', 'content_18', '2023-06-14 10:46:05.283268', '2023-06-14 10:46:05.283268');
INSERT INTO posts (id, user_id, content, created_at, update_at) VALUES ('7539803b-de11-49d1-b6aa-11157991d0dc', 'Srxlseed9EU3hY0228UgWcBTv52H', 'content_19', '2023-06-14 10:46:05.283272', '2023-06-14 10:46:05.283273');
INSERT INTO replies (id, user_id, post_id, content, created_at) VALUES ('667a9a11-225f-412b-8b93-4361b9c780cd', 'qU3r8Ld2JqoWhkQMnl7eyuk2cv4s', '2e804e46-fb8a-4a4b-90b0-b1234155505a', 'content_0', '2023-06-14 10:46:05.283278');
INSERT INTO replies (id, user_id, post_id, content, created_at) VALUES ('99453673-36db-492a-b904-4171888b040a', 'wDalc3CLbaz3ErRVy6VclADM2dhp', 'a5cbf3f9-6c7c-462f-9f87-94b656821a8a', 'content_1', '2023-06-14 10:46:05.283283');
INSERT INTO replies (id, user_id, post_id, content, created_at) VALUES ('dc2e4e0c-68bf-4260-8617-4bb79c03d2d1', 'EYjy52cdMh0aWAmywf4vqx7pUcfm', 'db741768-5913-480d-932d-e30e59d193fc', 'content_2', '2023-06-14 10:46:05.283288');
INSERT INTO replies (id, user_id, post_id, content, created_at) VALUES ('3c778844-a706-47c3-b48a-82d05e0c644c', 'RvjVxsX8mbpgWRfrwIr2X69g4fnD', '04e0413e-70f7-4553-aeb1-6a1100be1a2f', 'content_3', '2023-06-14 10:46:05.283292');
INSERT INTO replies (id, user_id, post_id, content, created_at) VALUES ('d189b7e7-5b40-4d72-916f-28894a418b70', 'sk8DexsnOzLWTbR9OY7MGWfsQDPL', 'f74ad147-1648-4a33-aeb0-4d875239d7a7', 'content_4', '2023-06-14 10:46:05.283296');
INSERT INTO replies (id, user_id, post_id, content, created_at) VALUES ('67e1075b-c890-4d9a-aefe-59720215abfe', 'DJtLPqtcBDfrtA4haEDJ11VLG1gP', '472c6216-4d4a-4663-af23-9fd8bcfa390c', 'content_5', '2023-06-14 10:46:05.283301');
INSERT INTO replies (id, user_id, post_id, content, created_at) VALUES ('9f0b99a4-f7e6-44af-abc2-ec43ea18498a', 'ECauXTbNq5p5sHKncyTsxnSTHtFf', '4fd3ed9a-9320-4784-9962-429207dc7d58', 'content_6', '2023-06-14 10:46:05.283305');
INSERT INTO replies (id, user_id, post_id, content, created_at) VALUES ('30af2877-fd32-4dad-9874-b20b433fef5b', 'AEABlkBv3a0O3g6buvTJBFFI57Ov', '22b429e5-7239-4c34-803a-4b2bb2062516', 'content_7', '2023-06-14 10:46:05.283309');
INSERT INTO replies (id, user_id, post_id, content, created_at) VALUES ('2b571d18-6eb3-491e-9236-7e9c32817298', 'iQ9SNo6sxcspIpIVxIYjVzIlmxrm', '7a886f2e-ac0c-471c-baa4-40eb4a496e5e', 'content_8', '2023-06-14 10:46:05.283323');
INSERT INTO replies (id, user_id, post_id, content, created_at) VALUES ('990b415b-d700-4cc9-8cd7-25733f45948b', 'y4Zii5KQLwndCZWEfkBZyhSSXmM6', '65d6a7a5-17ea-4ca1-9a50-446ca39fc012', 'content_9', '2023-06-14 10:46:05.283328');
INSERT INTO replies (id, user_id, post_id, content, created_at) VALUES ('d46c9256-8c36-4eb4-91fc-cdf943f9aeeb', 'A2TGV1nQN4bCVtekVSYJOW4fBTKZ', '918ed0e1-4b7f-4f47-91e6-90c32f308653', 'content_10', '2023-06-14 10:46:05.283333');
INSERT INTO replies (id, user_id, post_id, content, created_at) VALUES ('09271ec4-d2c4-4dd2-acce-c73033b94ef5', 'mpVuMgEs0Hoi66saCIUiQruP9P9L', '60d41aed-f66c-47d6-a36b-a41f1a03820a', 'content_11', '2023-06-14 10:46:05.283337');
INSERT INTO replies (id, user_id, post_id, content, created_at) VALUES ('3fc8967a-2f4d-4c36-b38b-52e84258b559', 'yTUmNQG4C2sGsuDyk6psrVKaBpd4', '84f4c33b-e9a5-4d93-aa93-d8ce676e7ba2', 'content_12', '2023-06-14 10:46:05.283341');
INSERT INTO replies (id, user_id, post_id, content, created_at) VALUES ('23b4dfc3-5af5-4c1a-9873-23af4637d78c', 'yr5DgzBitMBkLUQvB1ASQ76KfH28', '587c7bd9-ce6b-4180-b59e-03fa9fbc28e0', 'content_13', '2023-06-14 10:46:05.283345');
INSERT INTO replies (id, user_id, post_id, content, created_at) VALUES ('0d4739da-ac15-4888-9b56-948d9da60fba', 'EvsI2Uyib3Yh7BJnjRdqQvp8GxZt', 'cd58eb9d-a3de-4b05-b88a-99becfe0dbfd', 'content_14', '2023-06-14 10:46:05.283350');
INSERT INTO replies (id, user_id, post_id, content, created_at) VALUES ('996f6ed4-5b9b-4235-8cc3-b846a2b242ae', 'z5PRxJe3SymtwT3QRRg0NeS6GVsR', '364a0dbe-be9c-487d-b877-313cbed8a263', 'content_15', '2023-06-14 10:46:05.283354');
INSERT INTO replies (id, user_id, post_id, content, created_at) VALUES ('dbc7c5a7-ba58-4972-9991-c19b19065f14', 'CiXvYugGZv02QEAPsDxzhbVx1ch9', '15a3a656-4b92-403e-9220-1e93120edea6', 'content_16', '2023-06-14 10:46:05.283358');
INSERT INTO replies (id, user_id, post_id, content, created_at) VALUES ('e25c3026-2ea2-471d-9ad3-b8938268e01e', 'V3wCZO6BUOlN8VIj9PBdqnES0FYT', '45bc09b0-973e-4afc-964b-14379db2c031', 'content_17', '2023-06-14 10:46:05.283362');
INSERT INTO replies (id, user_id, post_id, content, created_at) VALUES ('3327f42d-5180-4325-9c20-67bd4014f63c', 'Yzc6ncXdf7L6MvKuL4BMQrrtOSmd', 'c75cadc2-d0bf-4c5a-ac65-be0186fd8f40', 'content_18', '2023-06-14 10:46:05.283366');
INSERT INTO replies (id, user_id, post_id, content, created_at) VALUES ('b6e9245c-cbfc-4773-81bf-f543a7335a92', 'Srxlseed9EU3hY0228UgWcBTv52H', '7539803b-de11-49d1-b6aa-11157991d0dc', 'content_19', '2023-06-14 10:46:05.283370');
INSERT INTO likes (post_id, user_id) VALUES ('c75cadc2-d0bf-4c5a-ac65-be0186fd8f40', 'qU3r8Ld2JqoWhkQMnl7eyuk2cv4s');
INSERT INTO likes (post_id, user_id) VALUES ('15a3a656-4b92-403e-9220-1e93120edea6', 'qU3r8Ld2JqoWhkQMnl7eyuk2cv4s');
INSERT INTO likes (post_id, user_id) VALUES ('45bc09b0-973e-4afc-964b-14379db2c031', 'qU3r8Ld2JqoWhkQMnl7eyuk2cv4s');
INSERT INTO likes (post_id, user_id) VALUES ('472c6216-4d4a-4663-af23-9fd8bcfa390c', 'qU3r8Ld2JqoWhkQMnl7eyuk2cv4s');
INSERT INTO likes (post_id, user_id) VALUES ('2e804e46-fb8a-4a4b-90b0-b1234155505a', 'qU3r8Ld2JqoWhkQMnl7eyuk2cv4s');
INSERT INTO likes (post_id, user_id) VALUES ('65d6a7a5-17ea-4ca1-9a50-446ca39fc012', 'wDalc3CLbaz3ErRVy6VclADM2dhp');
INSERT INTO likes (post_id, user_id) VALUES ('15a3a656-4b92-403e-9220-1e93120edea6', 'wDalc3CLbaz3ErRVy6VclADM2dhp');
INSERT INTO likes (post_id, user_id) VALUES ('db741768-5913-480d-932d-e30e59d193fc', 'wDalc3CLbaz3ErRVy6VclADM2dhp');
INSERT INTO likes (post_id, user_id) VALUES ('04e0413e-70f7-4553-aeb1-6a1100be1a2f', 'wDalc3CLbaz3ErRVy6VclADM2dhp');
INSERT INTO likes (post_id, user_id) VALUES ('c75cadc2-d0bf-4c5a-ac65-be0186fd8f40', 'wDalc3CLbaz3ErRVy6VclADM2dhp');
INSERT INTO likes (post_id, user_id) VALUES ('c75cadc2-d0bf-4c5a-ac65-be0186fd8f40', 'EYjy52cdMh0aWAmywf4vqx7pUcfm');
INSERT INTO likes (post_id, user_id) VALUES ('65d6a7a5-17ea-4ca1-9a50-446ca39fc012', 'EYjy52cdMh0aWAmywf4vqx7pUcfm');
INSERT INTO likes (post_id, user_id) VALUES ('04e0413e-70f7-4553-aeb1-6a1100be1a2f', 'EYjy52cdMh0aWAmywf4vqx7pUcfm');
INSERT INTO likes (post_id, user_id) VALUES ('60d41aed-f66c-47d6-a36b-a41f1a03820a', 'EYjy52cdMh0aWAmywf4vqx7pUcfm');
INSERT INTO likes (post_id, user_id) VALUES ('4fd3ed9a-9320-4784-9962-429207dc7d58', 'EYjy52cdMh0aWAmywf4vqx7pUcfm');
INSERT INTO likes (post_id, user_id) VALUES ('364a0dbe-be9c-487d-b877-313cbed8a263', 'RvjVxsX8mbpgWRfrwIr2X69g4fnD');
INSERT INTO likes (post_id, user_id) VALUES ('587c7bd9-ce6b-4180-b59e-03fa9fbc28e0', 'RvjVxsX8mbpgWRfrwIr2X69g4fnD');
INSERT INTO likes (post_id, user_id) VALUES ('7539803b-de11-49d1-b6aa-11157991d0dc', 'RvjVxsX8mbpgWRfrwIr2X69g4fnD');
INSERT INTO likes (post_id, user_id) VALUES ('a5cbf3f9-6c7c-462f-9f87-94b656821a8a', 'RvjVxsX8mbpgWRfrwIr2X69g4fnD');
INSERT INTO likes (post_id, user_id) VALUES ('db741768-5913-480d-932d-e30e59d193fc', 'RvjVxsX8mbpgWRfrwIr2X69g4fnD');
INSERT INTO likes (post_id, user_id) VALUES ('2e804e46-fb8a-4a4b-90b0-b1234155505a', 'sk8DexsnOzLWTbR9OY7MGWfsQDPL');
INSERT INTO likes (post_id, user_id) VALUES ('60d41aed-f66c-47d6-a36b-a41f1a03820a', 'sk8DexsnOzLWTbR9OY7MGWfsQDPL');
INSERT INTO likes (post_id, user_id) VALUES ('cd58eb9d-a3de-4b05-b88a-99becfe0dbfd', 'sk8DexsnOzLWTbR9OY7MGWfsQDPL');
INSERT INTO likes (post_id, user_id) VALUES ('7a886f2e-ac0c-471c-baa4-40eb4a496e5e', 'sk8DexsnOzLWTbR9OY7MGWfsQDPL');
INSERT INTO likes (post_id, user_id) VALUES ('04e0413e-70f7-4553-aeb1-6a1100be1a2f', 'sk8DexsnOzLWTbR9OY7MGWfsQDPL');
INSERT INTO likes (post_id, user_id) VALUES ('4fd3ed9a-9320-4784-9962-429207dc7d58', 'DJtLPqtcBDfrtA4haEDJ11VLG1gP');
INSERT INTO likes (post_id, user_id) VALUES ('22b429e5-7239-4c34-803a-4b2bb2062516', 'DJtLPqtcBDfrtA4haEDJ11VLG1gP');
INSERT INTO likes (post_id, user_id) VALUES ('45bc09b0-973e-4afc-964b-14379db2c031', 'DJtLPqtcBDfrtA4haEDJ11VLG1gP');
INSERT INTO likes (post_id, user_id) VALUES ('7a886f2e-ac0c-471c-baa4-40eb4a496e5e', 'DJtLPqtcBDfrtA4haEDJ11VLG1gP');
INSERT INTO likes (post_id, user_id) VALUES ('587c7bd9-ce6b-4180-b59e-03fa9fbc28e0', 'DJtLPqtcBDfrtA4haEDJ11VLG1gP');
INSERT INTO likes (post_id, user_id) VALUES ('7a886f2e-ac0c-471c-baa4-40eb4a496e5e', 'ECauXTbNq5p5sHKncyTsxnSTHtFf');
INSERT INTO likes (post_id, user_id) VALUES ('04e0413e-70f7-4553-aeb1-6a1100be1a2f', 'ECauXTbNq5p5sHKncyTsxnSTHtFf');
INSERT INTO likes (post_id, user_id) VALUES ('15a3a656-4b92-403e-9220-1e93120edea6', 'ECauXTbNq5p5sHKncyTsxnSTHtFf');
INSERT INTO likes (post_id, user_id) VALUES ('587c7bd9-ce6b-4180-b59e-03fa9fbc28e0', 'ECauXTbNq5p5sHKncyTsxnSTHtFf');
INSERT INTO likes (post_id, user_id) VALUES ('c75cadc2-d0bf-4c5a-ac65-be0186fd8f40', 'ECauXTbNq5p5sHKncyTsxnSTHtFf');
INSERT INTO likes (post_id, user_id) VALUES ('f74ad147-1648-4a33-aeb0-4d875239d7a7', 'AEABlkBv3a0O3g6buvTJBFFI57Ov');
INSERT INTO likes (post_id, user_id) VALUES ('2e804e46-fb8a-4a4b-90b0-b1234155505a', 'AEABlkBv3a0O3g6buvTJBFFI57Ov');
INSERT INTO likes (post_id, user_id) VALUES ('65d6a7a5-17ea-4ca1-9a50-446ca39fc012', 'AEABlkBv3a0O3g6buvTJBFFI57Ov');
INSERT INTO likes (post_id, user_id) VALUES ('db741768-5913-480d-932d-e30e59d193fc', 'AEABlkBv3a0O3g6buvTJBFFI57Ov');
INSERT INTO likes (post_id, user_id) VALUES ('84f4c33b-e9a5-4d93-aa93-d8ce676e7ba2', 'AEABlkBv3a0O3g6buvTJBFFI57Ov');
INSERT INTO likes (post_id, user_id) VALUES ('918ed0e1-4b7f-4f47-91e6-90c32f308653', 'iQ9SNo6sxcspIpIVxIYjVzIlmxrm');
INSERT INTO likes (post_id, user_id) VALUES ('472c6216-4d4a-4663-af23-9fd8bcfa390c', 'iQ9SNo6sxcspIpIVxIYjVzIlmxrm');
INSERT INTO likes (post_id, user_id) VALUES ('45bc09b0-973e-4afc-964b-14379db2c031', 'iQ9SNo6sxcspIpIVxIYjVzIlmxrm');
INSERT INTO likes (post_id, user_id) VALUES ('cd58eb9d-a3de-4b05-b88a-99becfe0dbfd', 'iQ9SNo6sxcspIpIVxIYjVzIlmxrm');
INSERT INTO likes (post_id, user_id) VALUES ('84f4c33b-e9a5-4d93-aa93-d8ce676e7ba2', 'iQ9SNo6sxcspIpIVxIYjVzIlmxrm');
INSERT INTO likes (post_id, user_id) VALUES ('65d6a7a5-17ea-4ca1-9a50-446ca39fc012', 'y4Zii5KQLwndCZWEfkBZyhSSXmM6');
INSERT INTO likes (post_id, user_id) VALUES ('04e0413e-70f7-4553-aeb1-6a1100be1a2f', 'y4Zii5KQLwndCZWEfkBZyhSSXmM6');
INSERT INTO likes (post_id, user_id) VALUES ('7539803b-de11-49d1-b6aa-11157991d0dc', 'y4Zii5KQLwndCZWEfkBZyhSSXmM6');
INSERT INTO likes (post_id, user_id) VALUES ('918ed0e1-4b7f-4f47-91e6-90c32f308653', 'y4Zii5KQLwndCZWEfkBZyhSSXmM6');
INSERT INTO likes (post_id, user_id) VALUES ('7a886f2e-ac0c-471c-baa4-40eb4a496e5e', 'y4Zii5KQLwndCZWEfkBZyhSSXmM6');
INSERT INTO likes (post_id, user_id) VALUES ('472c6216-4d4a-4663-af23-9fd8bcfa390c', 'A2TGV1nQN4bCVtekVSYJOW4fBTKZ');
INSERT INTO likes (post_id, user_id) VALUES ('f74ad147-1648-4a33-aeb0-4d875239d7a7', 'A2TGV1nQN4bCVtekVSYJOW4fBTKZ');
INSERT INTO likes (post_id, user_id) VALUES ('918ed0e1-4b7f-4f47-91e6-90c32f308653', 'A2TGV1nQN4bCVtekVSYJOW4fBTKZ');
INSERT INTO likes (post_id, user_id) VALUES ('45bc09b0-973e-4afc-964b-14379db2c031', 'A2TGV1nQN4bCVtekVSYJOW4fBTKZ');
INSERT INTO likes (post_id, user_id) VALUES ('65d6a7a5-17ea-4ca1-9a50-446ca39fc012', 'A2TGV1nQN4bCVtekVSYJOW4fBTKZ');
INSERT INTO likes (post_id, user_id) VALUES ('4fd3ed9a-9320-4784-9962-429207dc7d58', 'mpVuMgEs0Hoi66saCIUiQruP9P9L');
INSERT INTO likes (post_id, user_id) VALUES ('22b429e5-7239-4c34-803a-4b2bb2062516', 'mpVuMgEs0Hoi66saCIUiQruP9P9L');
INSERT INTO likes (post_id, user_id) VALUES ('15a3a656-4b92-403e-9220-1e93120edea6', 'mpVuMgEs0Hoi66saCIUiQruP9P9L');
INSERT INTO likes (post_id, user_id) VALUES ('84f4c33b-e9a5-4d93-aa93-d8ce676e7ba2', 'mpVuMgEs0Hoi66saCIUiQruP9P9L');
INSERT INTO likes (post_id, user_id) VALUES ('7539803b-de11-49d1-b6aa-11157991d0dc', 'mpVuMgEs0Hoi66saCIUiQruP9P9L');
INSERT INTO likes (post_id, user_id) VALUES ('15a3a656-4b92-403e-9220-1e93120edea6', 'yTUmNQG4C2sGsuDyk6psrVKaBpd4');
INSERT INTO likes (post_id, user_id) VALUES ('c75cadc2-d0bf-4c5a-ac65-be0186fd8f40', 'yTUmNQG4C2sGsuDyk6psrVKaBpd4');
INSERT INTO likes (post_id, user_id) VALUES ('587c7bd9-ce6b-4180-b59e-03fa9fbc28e0', 'yTUmNQG4C2sGsuDyk6psrVKaBpd4');
INSERT INTO likes (post_id, user_id) VALUES ('60d41aed-f66c-47d6-a36b-a41f1a03820a', 'yTUmNQG4C2sGsuDyk6psrVKaBpd4');
INSERT INTO likes (post_id, user_id) VALUES ('f74ad147-1648-4a33-aeb0-4d875239d7a7', 'yTUmNQG4C2sGsuDyk6psrVKaBpd4');
INSERT INTO likes (post_id, user_id) VALUES ('84f4c33b-e9a5-4d93-aa93-d8ce676e7ba2', 'yr5DgzBitMBkLUQvB1ASQ76KfH28');
INSERT INTO likes (post_id, user_id) VALUES ('472c6216-4d4a-4663-af23-9fd8bcfa390c', 'yr5DgzBitMBkLUQvB1ASQ76KfH28');
INSERT INTO likes (post_id, user_id) VALUES ('c75cadc2-d0bf-4c5a-ac65-be0186fd8f40', 'yr5DgzBitMBkLUQvB1ASQ76KfH28');
INSERT INTO likes (post_id, user_id) VALUES ('a5cbf3f9-6c7c-462f-9f87-94b656821a8a', 'yr5DgzBitMBkLUQvB1ASQ76KfH28');
INSERT INTO likes (post_id, user_id) VALUES ('587c7bd9-ce6b-4180-b59e-03fa9fbc28e0', 'yr5DgzBitMBkLUQvB1ASQ76KfH28');
INSERT INTO likes (post_id, user_id) VALUES ('918ed0e1-4b7f-4f47-91e6-90c32f308653', 'EvsI2Uyib3Yh7BJnjRdqQvp8GxZt');
INSERT INTO likes (post_id, user_id) VALUES ('a5cbf3f9-6c7c-462f-9f87-94b656821a8a', 'EvsI2Uyib3Yh7BJnjRdqQvp8GxZt');
INSERT INTO likes (post_id, user_id) VALUES ('04e0413e-70f7-4553-aeb1-6a1100be1a2f', 'EvsI2Uyib3Yh7BJnjRdqQvp8GxZt');
INSERT INTO likes (post_id, user_id) VALUES ('65d6a7a5-17ea-4ca1-9a50-446ca39fc012', 'EvsI2Uyib3Yh7BJnjRdqQvp8GxZt');
INSERT INTO likes (post_id, user_id) VALUES ('84f4c33b-e9a5-4d93-aa93-d8ce676e7ba2', 'EvsI2Uyib3Yh7BJnjRdqQvp8GxZt');
INSERT INTO likes (post_id, user_id) VALUES ('22b429e5-7239-4c34-803a-4b2bb2062516', 'z5PRxJe3SymtwT3QRRg0NeS6GVsR');
INSERT INTO likes (post_id, user_id) VALUES ('04e0413e-70f7-4553-aeb1-6a1100be1a2f', 'z5PRxJe3SymtwT3QRRg0NeS6GVsR');
INSERT INTO likes (post_id, user_id) VALUES ('f74ad147-1648-4a33-aeb0-4d875239d7a7', 'z5PRxJe3SymtwT3QRRg0NeS6GVsR');
INSERT INTO likes (post_id, user_id) VALUES ('84f4c33b-e9a5-4d93-aa93-d8ce676e7ba2', 'z5PRxJe3SymtwT3QRRg0NeS6GVsR');
INSERT INTO likes (post_id, user_id) VALUES ('2e804e46-fb8a-4a4b-90b0-b1234155505a', 'z5PRxJe3SymtwT3QRRg0NeS6GVsR');
INSERT INTO likes (post_id, user_id) VALUES ('15a3a656-4b92-403e-9220-1e93120edea6', 'CiXvYugGZv02QEAPsDxzhbVx1ch9');
INSERT INTO likes (post_id, user_id) VALUES ('c75cadc2-d0bf-4c5a-ac65-be0186fd8f40', 'CiXvYugGZv02QEAPsDxzhbVx1ch9');
INSERT INTO likes (post_id, user_id) VALUES ('7a886f2e-ac0c-471c-baa4-40eb4a496e5e', 'CiXvYugGZv02QEAPsDxzhbVx1ch9');
INSERT INTO likes (post_id, user_id) VALUES ('cd58eb9d-a3de-4b05-b88a-99becfe0dbfd', 'CiXvYugGZv02QEAPsDxzhbVx1ch9');
INSERT INTO likes (post_id, user_id) VALUES ('472c6216-4d4a-4663-af23-9fd8bcfa390c', 'CiXvYugGZv02QEAPsDxzhbVx1ch9');
INSERT INTO likes (post_id, user_id) VALUES ('84f4c33b-e9a5-4d93-aa93-d8ce676e7ba2', 'V3wCZO6BUOlN8VIj9PBdqnES0FYT');
INSERT INTO likes (post_id, user_id) VALUES ('918ed0e1-4b7f-4f47-91e6-90c32f308653', 'V3wCZO6BUOlN8VIj9PBdqnES0FYT');
INSERT INTO likes (post_id, user_id) VALUES ('15a3a656-4b92-403e-9220-1e93120edea6', 'V3wCZO6BUOlN8VIj9PBdqnES0FYT');
INSERT INTO likes (post_id, user_id) VALUES ('a5cbf3f9-6c7c-462f-9f87-94b656821a8a', 'V3wCZO6BUOlN8VIj9PBdqnES0FYT');
INSERT INTO likes (post_id, user_id) VALUES ('c75cadc2-d0bf-4c5a-ac65-be0186fd8f40', 'V3wCZO6BUOlN8VIj9PBdqnES0FYT');
INSERT INTO likes (post_id, user_id) VALUES ('4fd3ed9a-9320-4784-9962-429207dc7d58', 'Yzc6ncXdf7L6MvKuL4BMQrrtOSmd');
INSERT INTO likes (post_id, user_id) VALUES ('65d6a7a5-17ea-4ca1-9a50-446ca39fc012', 'Yzc6ncXdf7L6MvKuL4BMQrrtOSmd');
INSERT INTO likes (post_id, user_id) VALUES ('364a0dbe-be9c-487d-b877-313cbed8a263', 'Yzc6ncXdf7L6MvKuL4BMQrrtOSmd');
INSERT INTO likes (post_id, user_id) VALUES ('2e804e46-fb8a-4a4b-90b0-b1234155505a', 'Yzc6ncXdf7L6MvKuL4BMQrrtOSmd');
INSERT INTO likes (post_id, user_id) VALUES ('7a886f2e-ac0c-471c-baa4-40eb4a496e5e', 'Yzc6ncXdf7L6MvKuL4BMQrrtOSmd');
INSERT INTO likes (post_id, user_id) VALUES ('cd58eb9d-a3de-4b05-b88a-99becfe0dbfd', 'Srxlseed9EU3hY0228UgWcBTv52H');
INSERT INTO likes (post_id, user_id) VALUES ('60d41aed-f66c-47d6-a36b-a41f1a03820a', 'Srxlseed9EU3hY0228UgWcBTv52H');
INSERT INTO likes (post_id, user_id) VALUES ('7539803b-de11-49d1-b6aa-11157991d0dc', 'Srxlseed9EU3hY0228UgWcBTv52H');
INSERT INTO likes (post_id, user_id) VALUES ('2e804e46-fb8a-4a4b-90b0-b1234155505a', 'Srxlseed9EU3hY0228UgWcBTv52H');
INSERT INTO likes (post_id, user_id) VALUES ('15a3a656-4b92-403e-9220-1e93120edea6', 'Srxlseed9EU3hY0228UgWcBTv52H');
