
CREATE TABLE "users" (
  "id" uuid PRIMARY KEY,
  "image_url" varchar,
  "name" varchar,
  "email" varchar NOT NULL
);

CREATE TABLE "rooms" (
  "id" uuid PRIMARY KEY,
  "owner_id" uuid,
  "title" varchar NOT NULL,
  "description" varchar NOT NULL,
  "is_public" bool DEFAULT true,
  "group_id" uuid,
  "start_time" timestamp,
  "end_time" timestamp,
  "count" int DEFAULT 0
);

CREATE TABLE "groups" (
  "id" uuid PRIMARY KEY,
  "owner_id" uuid,
  "name" varchar NOT NULL,
  "description" varchar NOT NULL,
  "created_at" timestamp,
  "is_public" bool DEFAULT true
);

CREATE TABLE "invite_groups" (
  "user_id" uuid,
  "group_id" uuid
);

CREATE TABLE "users_groups" (
  "user_id" uuid,
  "group_id" uuid
);

CREATE TABLE "following" (
  "user_id" uuid,
  "target_id" uuid
);

CREATE TABLE "posts" (
  "id" uuid PRIMARY KEY,
  "user_id" uuid,
  "content" varchar NOT NULL,
  "created_at" varchar,
  "update_at" varchar
);

CREATE TABLE "replies" (
  "id" uuid PRIMARY KEY,
  "post_id" uuid,
  "user_id" uuid,
  "content" varchar NOT NULL,
  "created_at" timestamp
);

CREATE TABLE "likes" (
  "post_id" uuid,
  "user_id" uuid
);

ALTER TABLE "rooms" ADD FOREIGN KEY ("owner_id") REFERENCES "users" ("id");

ALTER TABLE "rooms" ADD FOREIGN KEY ("group_id") REFERENCES "groups" ("id");

ALTER TABLE "groups" ADD FOREIGN KEY ("owner_id") REFERENCES "users" ("id");

ALTER TABLE "invite_groups" ADD FOREIGN KEY ("user_id") REFERENCES "users" ("id");

ALTER TABLE "invite_groups" ADD FOREIGN KEY ("group_id") REFERENCES "groups" ("id");

ALTER TABLE "users_groups" ADD FOREIGN KEY ("user_id") REFERENCES "users" ("id");

ALTER TABLE "users_groups" ADD FOREIGN KEY ("group_id") REFERENCES "groups" ("id");

ALTER TABLE "following" ADD FOREIGN KEY ("user_id") REFERENCES "users" ("id");

ALTER TABLE "following" ADD FOREIGN KEY ("target_id") REFERENCES "users" ("id");

ALTER TABLE "posts" ADD FOREIGN KEY ("user_id") REFERENCES "users" ("id");

ALTER TABLE "replies" ADD FOREIGN KEY ("post_id") REFERENCES "posts" ("id");

ALTER TABLE "replies" ADD FOREIGN KEY ("user_id") REFERENCES "users" ("id");

ALTER TABLE "likes" ADD FOREIGN KEY ("post_id") REFERENCES "posts" ("id");

ALTER TABLE "likes" ADD FOREIGN KEY ("user_id") REFERENCES "users" ("id");

INSERT INTO users (id, image_url, name, email) VALUES ('eccb2cb3-3254-46b4-adcb-bdcb7ebea3e8', 'image_url_0', 'name_0', 'email_0@example.com');
INSERT INTO users (id, image_url, name, email) VALUES ('3f0f2f7f-7ed6-4824-b362-140392a326ba', 'image_url_1', 'name_1', 'email_1@example.com');
INSERT INTO users (id, image_url, name, email) VALUES ('a871517d-9bd2-4b44-b841-a9fa4aba08ad', 'image_url_2', 'name_2', 'email_2@example.com');
INSERT INTO users (id, image_url, name, email) VALUES ('a7464f80-6d88-4c01-ae7b-497e4ace11f8', 'image_url_3', 'name_3', 'email_3@example.com');
INSERT INTO users (id, image_url, name, email) VALUES ('ef556541-3dba-4246-a56d-d11fa883f0bd', 'image_url_4', 'name_4', 'email_4@example.com');
INSERT INTO users (id, image_url, name, email) VALUES ('96d57817-2e3d-4df8-85c3-41dd3c23b58a', 'image_url_5', 'name_5', 'email_5@example.com');
INSERT INTO users (id, image_url, name, email) VALUES ('136aa8e9-77e5-4253-8c78-294b7b8b9c67', 'image_url_6', 'name_6', 'email_6@example.com');
INSERT INTO users (id, image_url, name, email) VALUES ('9bc661b9-dad3-4ff1-9bbc-6aa2a1441486', 'image_url_7', 'name_7', 'email_7@example.com');
INSERT INTO users (id, image_url, name, email) VALUES ('c8b73848-cfdc-4888-9c41-a8dac250cdc8', 'image_url_8', 'name_8', 'email_8@example.com');
INSERT INTO users (id, image_url, name, email) VALUES ('90fc042b-0a53-4366-9d28-1cb9fd6736ef', 'image_url_9', 'name_9', 'email_9@example.com');
INSERT INTO users (id, image_url, name, email) VALUES ('97927da2-72f5-4f8d-878f-89a7c42d4c77', 'image_url_10', 'name_10', 'email_10@example.com');
INSERT INTO users (id, image_url, name, email) VALUES ('545734ab-1567-4683-b1a0-9bc9a065d540', 'image_url_11', 'name_11', 'email_11@example.com');
INSERT INTO users (id, image_url, name, email) VALUES ('7e595133-07e7-42d9-a13c-cf2a3a9d8466', 'image_url_12', 'name_12', 'email_12@example.com');
INSERT INTO users (id, image_url, name, email) VALUES ('4e443812-e69b-4c3b-b871-51fdb1f7d7c4', 'image_url_13', 'name_13', 'email_13@example.com');
INSERT INTO users (id, image_url, name, email) VALUES ('4c52ef5c-b2fa-4025-8a74-4183cdcddc10', 'image_url_14', 'name_14', 'email_14@example.com');
INSERT INTO users (id, image_url, name, email) VALUES ('f3b31b55-e098-41f8-9277-075e0c7e7eed', 'image_url_15', 'name_15', 'email_15@example.com');
INSERT INTO users (id, image_url, name, email) VALUES ('f7388269-27b8-410b-bb35-06dcc3885b84', 'image_url_16', 'name_16', 'email_16@example.com');
INSERT INTO users (id, image_url, name, email) VALUES ('b1960bec-96ec-4a5d-9073-f56272da3550', 'image_url_17', 'name_17', 'email_17@example.com');
INSERT INTO users (id, image_url, name, email) VALUES ('b78b87d1-8ee4-4b54-9606-e0d12529caae', 'image_url_18', 'name_18', 'email_18@example.com');
INSERT INTO users (id, image_url, name, email) VALUES ('fdd9f4ac-d0d4-4afd-90bc-0d3520122cdc', 'image_url_19', 'name_19', 'email_19@example.com');
INSERT INTO groups (id, owner_id, name, description, created_at, is_public) VALUES ('f4a5970a-0d25-4003-bb2b-1abb054f8da2', 'eccb2cb3-3254-46b4-adcb-bdcb7ebea3e8', 'group_name_0', 'group_description_0', '2023-06-10 21:03:09.996416', 'True');
INSERT INTO groups (id, owner_id, name, description, created_at, is_public) VALUES ('55cda469-1ee0-4a82-9ea8-404afc127dfa', '3f0f2f7f-7ed6-4824-b362-140392a326ba', 'group_name_1', 'group_description_1', '2023-06-10 21:03:09.996434', 'True');
INSERT INTO groups (id, owner_id, name, description, created_at, is_public) VALUES ('2eb1dbda-10de-49fe-96d0-80f586582b19', 'a871517d-9bd2-4b44-b841-a9fa4aba08ad', 'group_name_2', 'group_description_2', '2023-06-10 21:03:09.996442', 'True');
INSERT INTO groups (id, owner_id, name, description, created_at, is_public) VALUES ('5ea32cb4-5640-4e31-83fe-4a25903cadcd', 'a7464f80-6d88-4c01-ae7b-497e4ace11f8', 'group_name_3', 'group_description_3', '2023-06-10 21:03:09.996448', 'True');
INSERT INTO groups (id, owner_id, name, description, created_at, is_public) VALUES ('98c9fb0e-d664-467b-838f-52e49965ac61', 'ef556541-3dba-4246-a56d-d11fa883f0bd', 'group_name_4', 'group_description_4', '2023-06-10 21:03:09.996454', 'True');
INSERT INTO groups (id, owner_id, name, description, created_at, is_public) VALUES ('5858451c-dc48-44cb-8a2c-b3c570d7d637', '96d57817-2e3d-4df8-85c3-41dd3c23b58a', 'group_name_5', 'group_description_5', '2023-06-10 21:03:09.996460', 'True');
INSERT INTO groups (id, owner_id, name, description, created_at, is_public) VALUES ('022879e2-43ab-4ca1-9155-8003a6343740', '136aa8e9-77e5-4253-8c78-294b7b8b9c67', 'group_name_6', 'group_description_6', '2023-06-10 21:03:09.996466', 'True');
INSERT INTO groups (id, owner_id, name, description, created_at, is_public) VALUES ('b86169ac-2c75-4af7-bf88-a648bc55c350', '9bc661b9-dad3-4ff1-9bbc-6aa2a1441486', 'group_name_7', 'group_description_7', '2023-06-10 21:03:09.996472', 'True');
INSERT INTO groups (id, owner_id, name, description, created_at, is_public) VALUES ('b6579961-6805-481c-b91b-b3a3660c2b28', 'c8b73848-cfdc-4888-9c41-a8dac250cdc8', 'group_name_8', 'group_description_8', '2023-06-10 21:03:09.996478', 'True');
INSERT INTO groups (id, owner_id, name, description, created_at, is_public) VALUES ('28e1594a-0b14-4084-8b7d-5df7e3573aa5', '90fc042b-0a53-4366-9d28-1cb9fd6736ef', 'group_name_9', 'group_description_9', '2023-06-10 21:03:09.996484', 'True');
INSERT INTO groups (id, owner_id, name, description, created_at, is_public) VALUES ('0dfd549e-fe9b-45d9-bd70-226714e465b1', '97927da2-72f5-4f8d-878f-89a7c42d4c77', 'group_name_10', 'group_description_10', '2023-06-10 21:03:09.996489', 'True');
INSERT INTO groups (id, owner_id, name, description, created_at, is_public) VALUES ('e94940e3-c0f3-4449-a937-1ef3b3882187', '545734ab-1567-4683-b1a0-9bc9a065d540', 'group_name_11', 'group_description_11', '2023-06-10 21:03:09.996495', 'True');
INSERT INTO groups (id, owner_id, name, description, created_at, is_public) VALUES ('b68c012b-b7c1-4364-8d53-310360a9edcc', '7e595133-07e7-42d9-a13c-cf2a3a9d8466', 'group_name_12', 'group_description_12', '2023-06-10 21:03:09.996500', 'True');
INSERT INTO groups (id, owner_id, name, description, created_at, is_public) VALUES ('f0a2db23-93e9-432b-8101-145fe60624f0', '4e443812-e69b-4c3b-b871-51fdb1f7d7c4', 'group_name_13', 'group_description_13', '2023-06-10 21:03:09.996505', 'True');
INSERT INTO groups (id, owner_id, name, description, created_at, is_public) VALUES ('8afc7791-efa0-43af-b831-e9073d9932c8', '4c52ef5c-b2fa-4025-8a74-4183cdcddc10', 'group_name_14', 'group_description_14', '2023-06-10 21:03:09.996511', 'True');
INSERT INTO groups (id, owner_id, name, description, created_at, is_public) VALUES ('d63b8247-c60d-4bf6-8681-fabaec9643ab', 'f3b31b55-e098-41f8-9277-075e0c7e7eed', 'group_name_15', 'group_description_15', '2023-06-10 21:03:09.996516', 'True');
INSERT INTO groups (id, owner_id, name, description, created_at, is_public) VALUES ('322f98b7-80eb-43c1-82e3-fffed2b79b1d', 'f7388269-27b8-410b-bb35-06dcc3885b84', 'group_name_16', 'group_description_16', '2023-06-10 21:03:09.996522', 'True');
INSERT INTO groups (id, owner_id, name, description, created_at, is_public) VALUES ('d158283e-9bea-49af-b0d0-8f9b8553cc69', 'b1960bec-96ec-4a5d-9073-f56272da3550', 'group_name_17', 'group_description_17', '2023-06-10 21:03:09.996527', 'True');
INSERT INTO groups (id, owner_id, name, description, created_at, is_public) VALUES ('d6e2f77d-767a-479d-9fd3-80f95ef2a25f', 'b78b87d1-8ee4-4b54-9606-e0d12529caae', 'group_name_18', 'group_description_18', '2023-06-10 21:03:09.996532', 'True');
INSERT INTO groups (id, owner_id, name, description, created_at, is_public) VALUES ('39ed9306-9901-4693-9758-c377771b748d', 'fdd9f4ac-d0d4-4afd-90bc-0d3520122cdc', 'group_name_19', 'group_description_19', '2023-06-10 21:03:09.996538', 'True');
INSERT INTO invite_groups (user_id, group_id) VALUES ('eccb2cb3-3254-46b4-adcb-bdcb7ebea3e8', '98c9fb0e-d664-467b-838f-52e49965ac61');
INSERT INTO invite_groups (user_id, group_id) VALUES ('eccb2cb3-3254-46b4-adcb-bdcb7ebea3e8', '8afc7791-efa0-43af-b831-e9073d9932c8');
INSERT INTO invite_groups (user_id, group_id) VALUES ('eccb2cb3-3254-46b4-adcb-bdcb7ebea3e8', '39ed9306-9901-4693-9758-c377771b748d');
INSERT INTO invite_groups (user_id, group_id) VALUES ('eccb2cb3-3254-46b4-adcb-bdcb7ebea3e8', 'b6579961-6805-481c-b91b-b3a3660c2b28');
INSERT INTO invite_groups (user_id, group_id) VALUES ('eccb2cb3-3254-46b4-adcb-bdcb7ebea3e8', 'd6e2f77d-767a-479d-9fd3-80f95ef2a25f');
INSERT INTO invite_groups (user_id, group_id) VALUES ('3f0f2f7f-7ed6-4824-b362-140392a326ba', '39ed9306-9901-4693-9758-c377771b748d');
INSERT INTO invite_groups (user_id, group_id) VALUES ('3f0f2f7f-7ed6-4824-b362-140392a326ba', '022879e2-43ab-4ca1-9155-8003a6343740');
INSERT INTO invite_groups (user_id, group_id) VALUES ('3f0f2f7f-7ed6-4824-b362-140392a326ba', '5858451c-dc48-44cb-8a2c-b3c570d7d637');
INSERT INTO invite_groups (user_id, group_id) VALUES ('3f0f2f7f-7ed6-4824-b362-140392a326ba', 'd6e2f77d-767a-479d-9fd3-80f95ef2a25f');
INSERT INTO invite_groups (user_id, group_id) VALUES ('3f0f2f7f-7ed6-4824-b362-140392a326ba', 'b86169ac-2c75-4af7-bf88-a648bc55c350');
INSERT INTO invite_groups (user_id, group_id) VALUES ('a871517d-9bd2-4b44-b841-a9fa4aba08ad', '322f98b7-80eb-43c1-82e3-fffed2b79b1d');
INSERT INTO invite_groups (user_id, group_id) VALUES ('a871517d-9bd2-4b44-b841-a9fa4aba08ad', '2eb1dbda-10de-49fe-96d0-80f586582b19');
INSERT INTO invite_groups (user_id, group_id) VALUES ('a871517d-9bd2-4b44-b841-a9fa4aba08ad', 'd158283e-9bea-49af-b0d0-8f9b8553cc69');
INSERT INTO invite_groups (user_id, group_id) VALUES ('a871517d-9bd2-4b44-b841-a9fa4aba08ad', '0dfd549e-fe9b-45d9-bd70-226714e465b1');
INSERT INTO invite_groups (user_id, group_id) VALUES ('a871517d-9bd2-4b44-b841-a9fa4aba08ad', '98c9fb0e-d664-467b-838f-52e49965ac61');
INSERT INTO invite_groups (user_id, group_id) VALUES ('a7464f80-6d88-4c01-ae7b-497e4ace11f8', 'f4a5970a-0d25-4003-bb2b-1abb054f8da2');
INSERT INTO invite_groups (user_id, group_id) VALUES ('a7464f80-6d88-4c01-ae7b-497e4ace11f8', '98c9fb0e-d664-467b-838f-52e49965ac61');
INSERT INTO invite_groups (user_id, group_id) VALUES ('a7464f80-6d88-4c01-ae7b-497e4ace11f8', '5858451c-dc48-44cb-8a2c-b3c570d7d637');
INSERT INTO invite_groups (user_id, group_id) VALUES ('a7464f80-6d88-4c01-ae7b-497e4ace11f8', 'f0a2db23-93e9-432b-8101-145fe60624f0');
INSERT INTO invite_groups (user_id, group_id) VALUES ('a7464f80-6d88-4c01-ae7b-497e4ace11f8', 'd158283e-9bea-49af-b0d0-8f9b8553cc69');
INSERT INTO invite_groups (user_id, group_id) VALUES ('ef556541-3dba-4246-a56d-d11fa883f0bd', 'b86169ac-2c75-4af7-bf88-a648bc55c350');
INSERT INTO invite_groups (user_id, group_id) VALUES ('ef556541-3dba-4246-a56d-d11fa883f0bd', '55cda469-1ee0-4a82-9ea8-404afc127dfa');
INSERT INTO invite_groups (user_id, group_id) VALUES ('ef556541-3dba-4246-a56d-d11fa883f0bd', '8afc7791-efa0-43af-b831-e9073d9932c8');
INSERT INTO invite_groups (user_id, group_id) VALUES ('ef556541-3dba-4246-a56d-d11fa883f0bd', 'd63b8247-c60d-4bf6-8681-fabaec9643ab');
INSERT INTO invite_groups (user_id, group_id) VALUES ('ef556541-3dba-4246-a56d-d11fa883f0bd', '2eb1dbda-10de-49fe-96d0-80f586582b19');
INSERT INTO invite_groups (user_id, group_id) VALUES ('96d57817-2e3d-4df8-85c3-41dd3c23b58a', 'd6e2f77d-767a-479d-9fd3-80f95ef2a25f');
INSERT INTO invite_groups (user_id, group_id) VALUES ('96d57817-2e3d-4df8-85c3-41dd3c23b58a', 'f4a5970a-0d25-4003-bb2b-1abb054f8da2');
INSERT INTO invite_groups (user_id, group_id) VALUES ('96d57817-2e3d-4df8-85c3-41dd3c23b58a', 'b86169ac-2c75-4af7-bf88-a648bc55c350');
INSERT INTO invite_groups (user_id, group_id) VALUES ('96d57817-2e3d-4df8-85c3-41dd3c23b58a', '022879e2-43ab-4ca1-9155-8003a6343740');
INSERT INTO invite_groups (user_id, group_id) VALUES ('96d57817-2e3d-4df8-85c3-41dd3c23b58a', '39ed9306-9901-4693-9758-c377771b748d');
INSERT INTO invite_groups (user_id, group_id) VALUES ('136aa8e9-77e5-4253-8c78-294b7b8b9c67', '55cda469-1ee0-4a82-9ea8-404afc127dfa');
INSERT INTO invite_groups (user_id, group_id) VALUES ('136aa8e9-77e5-4253-8c78-294b7b8b9c67', 'd63b8247-c60d-4bf6-8681-fabaec9643ab');
INSERT INTO invite_groups (user_id, group_id) VALUES ('136aa8e9-77e5-4253-8c78-294b7b8b9c67', 'b68c012b-b7c1-4364-8d53-310360a9edcc');
INSERT INTO invite_groups (user_id, group_id) VALUES ('136aa8e9-77e5-4253-8c78-294b7b8b9c67', '98c9fb0e-d664-467b-838f-52e49965ac61');
INSERT INTO invite_groups (user_id, group_id) VALUES ('136aa8e9-77e5-4253-8c78-294b7b8b9c67', '5ea32cb4-5640-4e31-83fe-4a25903cadcd');
INSERT INTO invite_groups (user_id, group_id) VALUES ('9bc661b9-dad3-4ff1-9bbc-6aa2a1441486', 'b86169ac-2c75-4af7-bf88-a648bc55c350');
INSERT INTO invite_groups (user_id, group_id) VALUES ('9bc661b9-dad3-4ff1-9bbc-6aa2a1441486', 'b68c012b-b7c1-4364-8d53-310360a9edcc');
INSERT INTO invite_groups (user_id, group_id) VALUES ('9bc661b9-dad3-4ff1-9bbc-6aa2a1441486', '022879e2-43ab-4ca1-9155-8003a6343740');
INSERT INTO invite_groups (user_id, group_id) VALUES ('9bc661b9-dad3-4ff1-9bbc-6aa2a1441486', '2eb1dbda-10de-49fe-96d0-80f586582b19');
INSERT INTO invite_groups (user_id, group_id) VALUES ('9bc661b9-dad3-4ff1-9bbc-6aa2a1441486', 'e94940e3-c0f3-4449-a937-1ef3b3882187');
INSERT INTO invite_groups (user_id, group_id) VALUES ('c8b73848-cfdc-4888-9c41-a8dac250cdc8', 'b68c012b-b7c1-4364-8d53-310360a9edcc');
INSERT INTO invite_groups (user_id, group_id) VALUES ('c8b73848-cfdc-4888-9c41-a8dac250cdc8', 'b6579961-6805-481c-b91b-b3a3660c2b28');
INSERT INTO invite_groups (user_id, group_id) VALUES ('c8b73848-cfdc-4888-9c41-a8dac250cdc8', '5858451c-dc48-44cb-8a2c-b3c570d7d637');
INSERT INTO invite_groups (user_id, group_id) VALUES ('c8b73848-cfdc-4888-9c41-a8dac250cdc8', '022879e2-43ab-4ca1-9155-8003a6343740');
INSERT INTO invite_groups (user_id, group_id) VALUES ('c8b73848-cfdc-4888-9c41-a8dac250cdc8', 'e94940e3-c0f3-4449-a937-1ef3b3882187');
INSERT INTO invite_groups (user_id, group_id) VALUES ('90fc042b-0a53-4366-9d28-1cb9fd6736ef', 'f0a2db23-93e9-432b-8101-145fe60624f0');
INSERT INTO invite_groups (user_id, group_id) VALUES ('90fc042b-0a53-4366-9d28-1cb9fd6736ef', '5ea32cb4-5640-4e31-83fe-4a25903cadcd');
INSERT INTO invite_groups (user_id, group_id) VALUES ('90fc042b-0a53-4366-9d28-1cb9fd6736ef', '5858451c-dc48-44cb-8a2c-b3c570d7d637');
INSERT INTO invite_groups (user_id, group_id) VALUES ('90fc042b-0a53-4366-9d28-1cb9fd6736ef', '0dfd549e-fe9b-45d9-bd70-226714e465b1');
INSERT INTO invite_groups (user_id, group_id) VALUES ('90fc042b-0a53-4366-9d28-1cb9fd6736ef', 'd6e2f77d-767a-479d-9fd3-80f95ef2a25f');
INSERT INTO invite_groups (user_id, group_id) VALUES ('97927da2-72f5-4f8d-878f-89a7c42d4c77', '55cda469-1ee0-4a82-9ea8-404afc127dfa');
INSERT INTO invite_groups (user_id, group_id) VALUES ('97927da2-72f5-4f8d-878f-89a7c42d4c77', 'b86169ac-2c75-4af7-bf88-a648bc55c350');
INSERT INTO invite_groups (user_id, group_id) VALUES ('97927da2-72f5-4f8d-878f-89a7c42d4c77', '28e1594a-0b14-4084-8b7d-5df7e3573aa5');
INSERT INTO invite_groups (user_id, group_id) VALUES ('97927da2-72f5-4f8d-878f-89a7c42d4c77', '5858451c-dc48-44cb-8a2c-b3c570d7d637');
INSERT INTO invite_groups (user_id, group_id) VALUES ('97927da2-72f5-4f8d-878f-89a7c42d4c77', 'f0a2db23-93e9-432b-8101-145fe60624f0');
INSERT INTO invite_groups (user_id, group_id) VALUES ('545734ab-1567-4683-b1a0-9bc9a065d540', 'b68c012b-b7c1-4364-8d53-310360a9edcc');
INSERT INTO invite_groups (user_id, group_id) VALUES ('545734ab-1567-4683-b1a0-9bc9a065d540', '0dfd549e-fe9b-45d9-bd70-226714e465b1');
INSERT INTO invite_groups (user_id, group_id) VALUES ('545734ab-1567-4683-b1a0-9bc9a065d540', '8afc7791-efa0-43af-b831-e9073d9932c8');
INSERT INTO invite_groups (user_id, group_id) VALUES ('545734ab-1567-4683-b1a0-9bc9a065d540', '5858451c-dc48-44cb-8a2c-b3c570d7d637');
INSERT INTO invite_groups (user_id, group_id) VALUES ('545734ab-1567-4683-b1a0-9bc9a065d540', 'f0a2db23-93e9-432b-8101-145fe60624f0');
INSERT INTO invite_groups (user_id, group_id) VALUES ('7e595133-07e7-42d9-a13c-cf2a3a9d8466', '28e1594a-0b14-4084-8b7d-5df7e3573aa5');
INSERT INTO invite_groups (user_id, group_id) VALUES ('7e595133-07e7-42d9-a13c-cf2a3a9d8466', '022879e2-43ab-4ca1-9155-8003a6343740');
INSERT INTO invite_groups (user_id, group_id) VALUES ('7e595133-07e7-42d9-a13c-cf2a3a9d8466', '98c9fb0e-d664-467b-838f-52e49965ac61');
INSERT INTO invite_groups (user_id, group_id) VALUES ('7e595133-07e7-42d9-a13c-cf2a3a9d8466', '55cda469-1ee0-4a82-9ea8-404afc127dfa');
INSERT INTO invite_groups (user_id, group_id) VALUES ('7e595133-07e7-42d9-a13c-cf2a3a9d8466', 'd6e2f77d-767a-479d-9fd3-80f95ef2a25f');
INSERT INTO invite_groups (user_id, group_id) VALUES ('4e443812-e69b-4c3b-b871-51fdb1f7d7c4', 'f0a2db23-93e9-432b-8101-145fe60624f0');
INSERT INTO invite_groups (user_id, group_id) VALUES ('4e443812-e69b-4c3b-b871-51fdb1f7d7c4', '322f98b7-80eb-43c1-82e3-fffed2b79b1d');
INSERT INTO invite_groups (user_id, group_id) VALUES ('4e443812-e69b-4c3b-b871-51fdb1f7d7c4', 'e94940e3-c0f3-4449-a937-1ef3b3882187');
INSERT INTO invite_groups (user_id, group_id) VALUES ('4e443812-e69b-4c3b-b871-51fdb1f7d7c4', 'b86169ac-2c75-4af7-bf88-a648bc55c350');
INSERT INTO invite_groups (user_id, group_id) VALUES ('4e443812-e69b-4c3b-b871-51fdb1f7d7c4', 'd63b8247-c60d-4bf6-8681-fabaec9643ab');
INSERT INTO invite_groups (user_id, group_id) VALUES ('4c52ef5c-b2fa-4025-8a74-4183cdcddc10', 'd63b8247-c60d-4bf6-8681-fabaec9643ab');
INSERT INTO invite_groups (user_id, group_id) VALUES ('4c52ef5c-b2fa-4025-8a74-4183cdcddc10', '39ed9306-9901-4693-9758-c377771b748d');
INSERT INTO invite_groups (user_id, group_id) VALUES ('4c52ef5c-b2fa-4025-8a74-4183cdcddc10', 'f4a5970a-0d25-4003-bb2b-1abb054f8da2');
INSERT INTO invite_groups (user_id, group_id) VALUES ('4c52ef5c-b2fa-4025-8a74-4183cdcddc10', '322f98b7-80eb-43c1-82e3-fffed2b79b1d');
INSERT INTO invite_groups (user_id, group_id) VALUES ('4c52ef5c-b2fa-4025-8a74-4183cdcddc10', '8afc7791-efa0-43af-b831-e9073d9932c8');
INSERT INTO invite_groups (user_id, group_id) VALUES ('f3b31b55-e098-41f8-9277-075e0c7e7eed', '28e1594a-0b14-4084-8b7d-5df7e3573aa5');
INSERT INTO invite_groups (user_id, group_id) VALUES ('f3b31b55-e098-41f8-9277-075e0c7e7eed', 'd6e2f77d-767a-479d-9fd3-80f95ef2a25f');
INSERT INTO invite_groups (user_id, group_id) VALUES ('f3b31b55-e098-41f8-9277-075e0c7e7eed', 'f4a5970a-0d25-4003-bb2b-1abb054f8da2');
INSERT INTO invite_groups (user_id, group_id) VALUES ('f3b31b55-e098-41f8-9277-075e0c7e7eed', 'd63b8247-c60d-4bf6-8681-fabaec9643ab');
INSERT INTO invite_groups (user_id, group_id) VALUES ('f3b31b55-e098-41f8-9277-075e0c7e7eed', '98c9fb0e-d664-467b-838f-52e49965ac61');
INSERT INTO invite_groups (user_id, group_id) VALUES ('f7388269-27b8-410b-bb35-06dcc3885b84', 'd63b8247-c60d-4bf6-8681-fabaec9643ab');
INSERT INTO invite_groups (user_id, group_id) VALUES ('f7388269-27b8-410b-bb35-06dcc3885b84', '322f98b7-80eb-43c1-82e3-fffed2b79b1d');
INSERT INTO invite_groups (user_id, group_id) VALUES ('f7388269-27b8-410b-bb35-06dcc3885b84', '5858451c-dc48-44cb-8a2c-b3c570d7d637');
INSERT INTO invite_groups (user_id, group_id) VALUES ('f7388269-27b8-410b-bb35-06dcc3885b84', '8afc7791-efa0-43af-b831-e9073d9932c8');
INSERT INTO invite_groups (user_id, group_id) VALUES ('f7388269-27b8-410b-bb35-06dcc3885b84', '022879e2-43ab-4ca1-9155-8003a6343740');
INSERT INTO invite_groups (user_id, group_id) VALUES ('b1960bec-96ec-4a5d-9073-f56272da3550', 'd158283e-9bea-49af-b0d0-8f9b8553cc69');
INSERT INTO invite_groups (user_id, group_id) VALUES ('b1960bec-96ec-4a5d-9073-f56272da3550', 'd6e2f77d-767a-479d-9fd3-80f95ef2a25f');
INSERT INTO invite_groups (user_id, group_id) VALUES ('b1960bec-96ec-4a5d-9073-f56272da3550', 'b68c012b-b7c1-4364-8d53-310360a9edcc');
INSERT INTO invite_groups (user_id, group_id) VALUES ('b1960bec-96ec-4a5d-9073-f56272da3550', 'd63b8247-c60d-4bf6-8681-fabaec9643ab');
INSERT INTO invite_groups (user_id, group_id) VALUES ('b1960bec-96ec-4a5d-9073-f56272da3550', '98c9fb0e-d664-467b-838f-52e49965ac61');
INSERT INTO invite_groups (user_id, group_id) VALUES ('b78b87d1-8ee4-4b54-9606-e0d12529caae', 'b6579961-6805-481c-b91b-b3a3660c2b28');
INSERT INTO invite_groups (user_id, group_id) VALUES ('b78b87d1-8ee4-4b54-9606-e0d12529caae', '2eb1dbda-10de-49fe-96d0-80f586582b19');
INSERT INTO invite_groups (user_id, group_id) VALUES ('b78b87d1-8ee4-4b54-9606-e0d12529caae', 'b86169ac-2c75-4af7-bf88-a648bc55c350');
INSERT INTO invite_groups (user_id, group_id) VALUES ('b78b87d1-8ee4-4b54-9606-e0d12529caae', '5858451c-dc48-44cb-8a2c-b3c570d7d637');
INSERT INTO invite_groups (user_id, group_id) VALUES ('b78b87d1-8ee4-4b54-9606-e0d12529caae', '98c9fb0e-d664-467b-838f-52e49965ac61');
INSERT INTO invite_groups (user_id, group_id) VALUES ('fdd9f4ac-d0d4-4afd-90bc-0d3520122cdc', 'f0a2db23-93e9-432b-8101-145fe60624f0');
INSERT INTO invite_groups (user_id, group_id) VALUES ('fdd9f4ac-d0d4-4afd-90bc-0d3520122cdc', '8afc7791-efa0-43af-b831-e9073d9932c8');
INSERT INTO invite_groups (user_id, group_id) VALUES ('fdd9f4ac-d0d4-4afd-90bc-0d3520122cdc', '39ed9306-9901-4693-9758-c377771b748d');
INSERT INTO invite_groups (user_id, group_id) VALUES ('fdd9f4ac-d0d4-4afd-90bc-0d3520122cdc', 'd63b8247-c60d-4bf6-8681-fabaec9643ab');
INSERT INTO invite_groups (user_id, group_id) VALUES ('fdd9f4ac-d0d4-4afd-90bc-0d3520122cdc', '55cda469-1ee0-4a82-9ea8-404afc127dfa');
INSERT INTO users_groups (user_id, group_id) VALUES ('eccb2cb3-3254-46b4-adcb-bdcb7ebea3e8', '2eb1dbda-10de-49fe-96d0-80f586582b19');
INSERT INTO users_groups (user_id, group_id) VALUES ('eccb2cb3-3254-46b4-adcb-bdcb7ebea3e8', '0dfd549e-fe9b-45d9-bd70-226714e465b1');
INSERT INTO users_groups (user_id, group_id) VALUES ('eccb2cb3-3254-46b4-adcb-bdcb7ebea3e8', '8afc7791-efa0-43af-b831-e9073d9932c8');
INSERT INTO users_groups (user_id, group_id) VALUES ('eccb2cb3-3254-46b4-adcb-bdcb7ebea3e8', '5ea32cb4-5640-4e31-83fe-4a25903cadcd');
INSERT INTO users_groups (user_id, group_id) VALUES ('eccb2cb3-3254-46b4-adcb-bdcb7ebea3e8', 'f4a5970a-0d25-4003-bb2b-1abb054f8da2');
INSERT INTO users_groups (user_id, group_id) VALUES ('3f0f2f7f-7ed6-4824-b362-140392a326ba', 'f4a5970a-0d25-4003-bb2b-1abb054f8da2');
INSERT INTO users_groups (user_id, group_id) VALUES ('3f0f2f7f-7ed6-4824-b362-140392a326ba', 'd6e2f77d-767a-479d-9fd3-80f95ef2a25f');
INSERT INTO users_groups (user_id, group_id) VALUES ('3f0f2f7f-7ed6-4824-b362-140392a326ba', '322f98b7-80eb-43c1-82e3-fffed2b79b1d');
INSERT INTO users_groups (user_id, group_id) VALUES ('3f0f2f7f-7ed6-4824-b362-140392a326ba', '98c9fb0e-d664-467b-838f-52e49965ac61');
INSERT INTO users_groups (user_id, group_id) VALUES ('3f0f2f7f-7ed6-4824-b362-140392a326ba', '5ea32cb4-5640-4e31-83fe-4a25903cadcd');
INSERT INTO users_groups (user_id, group_id) VALUES ('a871517d-9bd2-4b44-b841-a9fa4aba08ad', '322f98b7-80eb-43c1-82e3-fffed2b79b1d');
INSERT INTO users_groups (user_id, group_id) VALUES ('a871517d-9bd2-4b44-b841-a9fa4aba08ad', 'b68c012b-b7c1-4364-8d53-310360a9edcc');
INSERT INTO users_groups (user_id, group_id) VALUES ('a871517d-9bd2-4b44-b841-a9fa4aba08ad', '5858451c-dc48-44cb-8a2c-b3c570d7d637');
INSERT INTO users_groups (user_id, group_id) VALUES ('a871517d-9bd2-4b44-b841-a9fa4aba08ad', '5ea32cb4-5640-4e31-83fe-4a25903cadcd');
INSERT INTO users_groups (user_id, group_id) VALUES ('a871517d-9bd2-4b44-b841-a9fa4aba08ad', '39ed9306-9901-4693-9758-c377771b748d');
INSERT INTO users_groups (user_id, group_id) VALUES ('a7464f80-6d88-4c01-ae7b-497e4ace11f8', '0dfd549e-fe9b-45d9-bd70-226714e465b1');
INSERT INTO users_groups (user_id, group_id) VALUES ('a7464f80-6d88-4c01-ae7b-497e4ace11f8', 'f4a5970a-0d25-4003-bb2b-1abb054f8da2');
INSERT INTO users_groups (user_id, group_id) VALUES ('a7464f80-6d88-4c01-ae7b-497e4ace11f8', 'f0a2db23-93e9-432b-8101-145fe60624f0');
INSERT INTO users_groups (user_id, group_id) VALUES ('a7464f80-6d88-4c01-ae7b-497e4ace11f8', 'e94940e3-c0f3-4449-a937-1ef3b3882187');
INSERT INTO users_groups (user_id, group_id) VALUES ('a7464f80-6d88-4c01-ae7b-497e4ace11f8', 'b68c012b-b7c1-4364-8d53-310360a9edcc');
INSERT INTO users_groups (user_id, group_id) VALUES ('ef556541-3dba-4246-a56d-d11fa883f0bd', 'f4a5970a-0d25-4003-bb2b-1abb054f8da2');
INSERT INTO users_groups (user_id, group_id) VALUES ('ef556541-3dba-4246-a56d-d11fa883f0bd', '022879e2-43ab-4ca1-9155-8003a6343740');
INSERT INTO users_groups (user_id, group_id) VALUES ('ef556541-3dba-4246-a56d-d11fa883f0bd', '5ea32cb4-5640-4e31-83fe-4a25903cadcd');
INSERT INTO users_groups (user_id, group_id) VALUES ('ef556541-3dba-4246-a56d-d11fa883f0bd', '39ed9306-9901-4693-9758-c377771b748d');
INSERT INTO users_groups (user_id, group_id) VALUES ('ef556541-3dba-4246-a56d-d11fa883f0bd', '28e1594a-0b14-4084-8b7d-5df7e3573aa5');
INSERT INTO users_groups (user_id, group_id) VALUES ('96d57817-2e3d-4df8-85c3-41dd3c23b58a', 'b68c012b-b7c1-4364-8d53-310360a9edcc');
INSERT INTO users_groups (user_id, group_id) VALUES ('96d57817-2e3d-4df8-85c3-41dd3c23b58a', '28e1594a-0b14-4084-8b7d-5df7e3573aa5');
INSERT INTO users_groups (user_id, group_id) VALUES ('96d57817-2e3d-4df8-85c3-41dd3c23b58a', '322f98b7-80eb-43c1-82e3-fffed2b79b1d');
INSERT INTO users_groups (user_id, group_id) VALUES ('96d57817-2e3d-4df8-85c3-41dd3c23b58a', '0dfd549e-fe9b-45d9-bd70-226714e465b1');
INSERT INTO users_groups (user_id, group_id) VALUES ('96d57817-2e3d-4df8-85c3-41dd3c23b58a', 'd158283e-9bea-49af-b0d0-8f9b8553cc69');
INSERT INTO users_groups (user_id, group_id) VALUES ('136aa8e9-77e5-4253-8c78-294b7b8b9c67', '322f98b7-80eb-43c1-82e3-fffed2b79b1d');
INSERT INTO users_groups (user_id, group_id) VALUES ('136aa8e9-77e5-4253-8c78-294b7b8b9c67', 'd63b8247-c60d-4bf6-8681-fabaec9643ab');
INSERT INTO users_groups (user_id, group_id) VALUES ('136aa8e9-77e5-4253-8c78-294b7b8b9c67', '5858451c-dc48-44cb-8a2c-b3c570d7d637');
INSERT INTO users_groups (user_id, group_id) VALUES ('136aa8e9-77e5-4253-8c78-294b7b8b9c67', '022879e2-43ab-4ca1-9155-8003a6343740');
INSERT INTO users_groups (user_id, group_id) VALUES ('136aa8e9-77e5-4253-8c78-294b7b8b9c67', '98c9fb0e-d664-467b-838f-52e49965ac61');
INSERT INTO users_groups (user_id, group_id) VALUES ('9bc661b9-dad3-4ff1-9bbc-6aa2a1441486', '8afc7791-efa0-43af-b831-e9073d9932c8');
INSERT INTO users_groups (user_id, group_id) VALUES ('9bc661b9-dad3-4ff1-9bbc-6aa2a1441486', '39ed9306-9901-4693-9758-c377771b748d');
INSERT INTO users_groups (user_id, group_id) VALUES ('9bc661b9-dad3-4ff1-9bbc-6aa2a1441486', 'd158283e-9bea-49af-b0d0-8f9b8553cc69');
INSERT INTO users_groups (user_id, group_id) VALUES ('9bc661b9-dad3-4ff1-9bbc-6aa2a1441486', 'e94940e3-c0f3-4449-a937-1ef3b3882187');
INSERT INTO users_groups (user_id, group_id) VALUES ('9bc661b9-dad3-4ff1-9bbc-6aa2a1441486', 'f0a2db23-93e9-432b-8101-145fe60624f0');
INSERT INTO users_groups (user_id, group_id) VALUES ('c8b73848-cfdc-4888-9c41-a8dac250cdc8', 'd158283e-9bea-49af-b0d0-8f9b8553cc69');
INSERT INTO users_groups (user_id, group_id) VALUES ('c8b73848-cfdc-4888-9c41-a8dac250cdc8', '0dfd549e-fe9b-45d9-bd70-226714e465b1');
INSERT INTO users_groups (user_id, group_id) VALUES ('c8b73848-cfdc-4888-9c41-a8dac250cdc8', 'd6e2f77d-767a-479d-9fd3-80f95ef2a25f');
INSERT INTO users_groups (user_id, group_id) VALUES ('c8b73848-cfdc-4888-9c41-a8dac250cdc8', '39ed9306-9901-4693-9758-c377771b748d');
INSERT INTO users_groups (user_id, group_id) VALUES ('c8b73848-cfdc-4888-9c41-a8dac250cdc8', '022879e2-43ab-4ca1-9155-8003a6343740');
INSERT INTO users_groups (user_id, group_id) VALUES ('90fc042b-0a53-4366-9d28-1cb9fd6736ef', 'b68c012b-b7c1-4364-8d53-310360a9edcc');
INSERT INTO users_groups (user_id, group_id) VALUES ('90fc042b-0a53-4366-9d28-1cb9fd6736ef', 'd6e2f77d-767a-479d-9fd3-80f95ef2a25f');
INSERT INTO users_groups (user_id, group_id) VALUES ('90fc042b-0a53-4366-9d28-1cb9fd6736ef', 'd63b8247-c60d-4bf6-8681-fabaec9643ab');
INSERT INTO users_groups (user_id, group_id) VALUES ('90fc042b-0a53-4366-9d28-1cb9fd6736ef', 'b86169ac-2c75-4af7-bf88-a648bc55c350');
INSERT INTO users_groups (user_id, group_id) VALUES ('90fc042b-0a53-4366-9d28-1cb9fd6736ef', '98c9fb0e-d664-467b-838f-52e49965ac61');
INSERT INTO users_groups (user_id, group_id) VALUES ('97927da2-72f5-4f8d-878f-89a7c42d4c77', '5ea32cb4-5640-4e31-83fe-4a25903cadcd');
INSERT INTO users_groups (user_id, group_id) VALUES ('97927da2-72f5-4f8d-878f-89a7c42d4c77', '0dfd549e-fe9b-45d9-bd70-226714e465b1');
INSERT INTO users_groups (user_id, group_id) VALUES ('97927da2-72f5-4f8d-878f-89a7c42d4c77', '2eb1dbda-10de-49fe-96d0-80f586582b19');
INSERT INTO users_groups (user_id, group_id) VALUES ('97927da2-72f5-4f8d-878f-89a7c42d4c77', 'd6e2f77d-767a-479d-9fd3-80f95ef2a25f');
INSERT INTO users_groups (user_id, group_id) VALUES ('97927da2-72f5-4f8d-878f-89a7c42d4c77', 'f0a2db23-93e9-432b-8101-145fe60624f0');
INSERT INTO users_groups (user_id, group_id) VALUES ('545734ab-1567-4683-b1a0-9bc9a065d540', 'f0a2db23-93e9-432b-8101-145fe60624f0');
INSERT INTO users_groups (user_id, group_id) VALUES ('545734ab-1567-4683-b1a0-9bc9a065d540', '2eb1dbda-10de-49fe-96d0-80f586582b19');
INSERT INTO users_groups (user_id, group_id) VALUES ('545734ab-1567-4683-b1a0-9bc9a065d540', 'f4a5970a-0d25-4003-bb2b-1abb054f8da2');
INSERT INTO users_groups (user_id, group_id) VALUES ('545734ab-1567-4683-b1a0-9bc9a065d540', 'd6e2f77d-767a-479d-9fd3-80f95ef2a25f');
INSERT INTO users_groups (user_id, group_id) VALUES ('545734ab-1567-4683-b1a0-9bc9a065d540', '8afc7791-efa0-43af-b831-e9073d9932c8');
INSERT INTO users_groups (user_id, group_id) VALUES ('7e595133-07e7-42d9-a13c-cf2a3a9d8466', '022879e2-43ab-4ca1-9155-8003a6343740');
INSERT INTO users_groups (user_id, group_id) VALUES ('7e595133-07e7-42d9-a13c-cf2a3a9d8466', '5858451c-dc48-44cb-8a2c-b3c570d7d637');
INSERT INTO users_groups (user_id, group_id) VALUES ('7e595133-07e7-42d9-a13c-cf2a3a9d8466', '5ea32cb4-5640-4e31-83fe-4a25903cadcd');
INSERT INTO users_groups (user_id, group_id) VALUES ('7e595133-07e7-42d9-a13c-cf2a3a9d8466', 'd158283e-9bea-49af-b0d0-8f9b8553cc69');
INSERT INTO users_groups (user_id, group_id) VALUES ('7e595133-07e7-42d9-a13c-cf2a3a9d8466', '322f98b7-80eb-43c1-82e3-fffed2b79b1d');
INSERT INTO users_groups (user_id, group_id) VALUES ('4e443812-e69b-4c3b-b871-51fdb1f7d7c4', '39ed9306-9901-4693-9758-c377771b748d');
INSERT INTO users_groups (user_id, group_id) VALUES ('4e443812-e69b-4c3b-b871-51fdb1f7d7c4', '28e1594a-0b14-4084-8b7d-5df7e3573aa5');
INSERT INTO users_groups (user_id, group_id) VALUES ('4e443812-e69b-4c3b-b871-51fdb1f7d7c4', '0dfd549e-fe9b-45d9-bd70-226714e465b1');
INSERT INTO users_groups (user_id, group_id) VALUES ('4e443812-e69b-4c3b-b871-51fdb1f7d7c4', 'f4a5970a-0d25-4003-bb2b-1abb054f8da2');
INSERT INTO users_groups (user_id, group_id) VALUES ('4e443812-e69b-4c3b-b871-51fdb1f7d7c4', 'd158283e-9bea-49af-b0d0-8f9b8553cc69');
INSERT INTO users_groups (user_id, group_id) VALUES ('4c52ef5c-b2fa-4025-8a74-4183cdcddc10', '322f98b7-80eb-43c1-82e3-fffed2b79b1d');
INSERT INTO users_groups (user_id, group_id) VALUES ('4c52ef5c-b2fa-4025-8a74-4183cdcddc10', '5858451c-dc48-44cb-8a2c-b3c570d7d637');
INSERT INTO users_groups (user_id, group_id) VALUES ('4c52ef5c-b2fa-4025-8a74-4183cdcddc10', 'b6579961-6805-481c-b91b-b3a3660c2b28');
INSERT INTO users_groups (user_id, group_id) VALUES ('4c52ef5c-b2fa-4025-8a74-4183cdcddc10', 'd158283e-9bea-49af-b0d0-8f9b8553cc69');
INSERT INTO users_groups (user_id, group_id) VALUES ('4c52ef5c-b2fa-4025-8a74-4183cdcddc10', 'd63b8247-c60d-4bf6-8681-fabaec9643ab');
INSERT INTO users_groups (user_id, group_id) VALUES ('f3b31b55-e098-41f8-9277-075e0c7e7eed', '2eb1dbda-10de-49fe-96d0-80f586582b19');
INSERT INTO users_groups (user_id, group_id) VALUES ('f3b31b55-e098-41f8-9277-075e0c7e7eed', 'e94940e3-c0f3-4449-a937-1ef3b3882187');
INSERT INTO users_groups (user_id, group_id) VALUES ('f3b31b55-e098-41f8-9277-075e0c7e7eed', 'd63b8247-c60d-4bf6-8681-fabaec9643ab');
INSERT INTO users_groups (user_id, group_id) VALUES ('f3b31b55-e098-41f8-9277-075e0c7e7eed', '8afc7791-efa0-43af-b831-e9073d9932c8');
INSERT INTO users_groups (user_id, group_id) VALUES ('f3b31b55-e098-41f8-9277-075e0c7e7eed', '022879e2-43ab-4ca1-9155-8003a6343740');
INSERT INTO users_groups (user_id, group_id) VALUES ('f7388269-27b8-410b-bb35-06dcc3885b84', 'e94940e3-c0f3-4449-a937-1ef3b3882187');
INSERT INTO users_groups (user_id, group_id) VALUES ('f7388269-27b8-410b-bb35-06dcc3885b84', 'b86169ac-2c75-4af7-bf88-a648bc55c350');
INSERT INTO users_groups (user_id, group_id) VALUES ('f7388269-27b8-410b-bb35-06dcc3885b84', '5858451c-dc48-44cb-8a2c-b3c570d7d637');
INSERT INTO users_groups (user_id, group_id) VALUES ('f7388269-27b8-410b-bb35-06dcc3885b84', 'b68c012b-b7c1-4364-8d53-310360a9edcc');
INSERT INTO users_groups (user_id, group_id) VALUES ('f7388269-27b8-410b-bb35-06dcc3885b84', '28e1594a-0b14-4084-8b7d-5df7e3573aa5');
INSERT INTO users_groups (user_id, group_id) VALUES ('b1960bec-96ec-4a5d-9073-f56272da3550', 'd6e2f77d-767a-479d-9fd3-80f95ef2a25f');
INSERT INTO users_groups (user_id, group_id) VALUES ('b1960bec-96ec-4a5d-9073-f56272da3550', '5ea32cb4-5640-4e31-83fe-4a25903cadcd');
INSERT INTO users_groups (user_id, group_id) VALUES ('b1960bec-96ec-4a5d-9073-f56272da3550', '98c9fb0e-d664-467b-838f-52e49965ac61');
INSERT INTO users_groups (user_id, group_id) VALUES ('b1960bec-96ec-4a5d-9073-f56272da3550', '55cda469-1ee0-4a82-9ea8-404afc127dfa');
INSERT INTO users_groups (user_id, group_id) VALUES ('b1960bec-96ec-4a5d-9073-f56272da3550', 'd63b8247-c60d-4bf6-8681-fabaec9643ab');
INSERT INTO users_groups (user_id, group_id) VALUES ('b78b87d1-8ee4-4b54-9606-e0d12529caae', '55cda469-1ee0-4a82-9ea8-404afc127dfa');
INSERT INTO users_groups (user_id, group_id) VALUES ('b78b87d1-8ee4-4b54-9606-e0d12529caae', '8afc7791-efa0-43af-b831-e9073d9932c8');
INSERT INTO users_groups (user_id, group_id) VALUES ('b78b87d1-8ee4-4b54-9606-e0d12529caae', 'd63b8247-c60d-4bf6-8681-fabaec9643ab');
INSERT INTO users_groups (user_id, group_id) VALUES ('b78b87d1-8ee4-4b54-9606-e0d12529caae', '022879e2-43ab-4ca1-9155-8003a6343740');
INSERT INTO users_groups (user_id, group_id) VALUES ('b78b87d1-8ee4-4b54-9606-e0d12529caae', '5858451c-dc48-44cb-8a2c-b3c570d7d637');
INSERT INTO users_groups (user_id, group_id) VALUES ('fdd9f4ac-d0d4-4afd-90bc-0d3520122cdc', 'd63b8247-c60d-4bf6-8681-fabaec9643ab');
INSERT INTO users_groups (user_id, group_id) VALUES ('fdd9f4ac-d0d4-4afd-90bc-0d3520122cdc', 'b86169ac-2c75-4af7-bf88-a648bc55c350');
INSERT INTO users_groups (user_id, group_id) VALUES ('fdd9f4ac-d0d4-4afd-90bc-0d3520122cdc', 'f0a2db23-93e9-432b-8101-145fe60624f0');
INSERT INTO users_groups (user_id, group_id) VALUES ('fdd9f4ac-d0d4-4afd-90bc-0d3520122cdc', 'f4a5970a-0d25-4003-bb2b-1abb054f8da2');
INSERT INTO users_groups (user_id, group_id) VALUES ('fdd9f4ac-d0d4-4afd-90bc-0d3520122cdc', '39ed9306-9901-4693-9758-c377771b748d');
INSERT INTO rooms (id, owner_id, title, description, is_public, group_id, start_time, end_time, count) VALUES ('e7c0804f-b299-4c78-a6f5-9f1f29ce4a21', 'eccb2cb3-3254-46b4-adcb-bdcb7ebea3e8', 'title_0', 'description_0', 'True', 'f4a5970a-0d25-4003-bb2b-1abb054f8da2', '2023-06-10 21:03:10.000225', '2023-06-10 21:03:10.000226', '0');
INSERT INTO rooms (id, owner_id, title, description, is_public, group_id, start_time, end_time, count) VALUES ('2ca9ddbb-e3f1-440a-96ac-4117247321f5', '3f0f2f7f-7ed6-4824-b362-140392a326ba', 'title_1', 'description_1', 'True', '55cda469-1ee0-4a82-9ea8-404afc127dfa', '2023-06-10 21:03:10.000236', '2023-06-10 21:03:10.000237', '0');
INSERT INTO rooms (id, owner_id, title, description, is_public, group_id, start_time, end_time, count) VALUES ('64a86e9f-4b79-49e4-b00f-ad9627c8e9df', 'a871517d-9bd2-4b44-b841-a9fa4aba08ad', 'title_2', 'description_2', 'True', '2eb1dbda-10de-49fe-96d0-80f586582b19', '2023-06-10 21:03:10.000245', '2023-06-10 21:03:10.000245', '0');
INSERT INTO rooms (id, owner_id, title, description, is_public, group_id, start_time, end_time, count) VALUES ('c2cdc69d-8d79-463e-9ffc-8c3a2b37f41e', 'a7464f80-6d88-4c01-ae7b-497e4ace11f8', 'title_3', 'description_3', 'True', '5ea32cb4-5640-4e31-83fe-4a25903cadcd', '2023-06-10 21:03:10.000253', '2023-06-10 21:03:10.000253', '0');
INSERT INTO rooms (id, owner_id, title, description, is_public, group_id, start_time, end_time, count) VALUES ('4bed2448-8a4b-4319-ad94-9cceba74e4a3', 'ef556541-3dba-4246-a56d-d11fa883f0bd', 'title_4', 'description_4', 'True', '98c9fb0e-d664-467b-838f-52e49965ac61', '2023-06-10 21:03:10.000260', '2023-06-10 21:03:10.000261', '0');
INSERT INTO rooms (id, owner_id, title, description, is_public, group_id, start_time, end_time, count) VALUES ('23272574-33a5-4d58-9e42-72ae83ca06af', '96d57817-2e3d-4df8-85c3-41dd3c23b58a', 'title_5', 'description_5', 'True', '5858451c-dc48-44cb-8a2c-b3c570d7d637', '2023-06-10 21:03:10.000268', '2023-06-10 21:03:10.000268', '0');
INSERT INTO rooms (id, owner_id, title, description, is_public, group_id, start_time, end_time, count) VALUES ('729508e8-ba43-4699-9332-54e617f000d3', '136aa8e9-77e5-4253-8c78-294b7b8b9c67', 'title_6', 'description_6', 'True', '022879e2-43ab-4ca1-9155-8003a6343740', '2023-06-10 21:03:10.000275', '2023-06-10 21:03:10.000275', '0');
INSERT INTO rooms (id, owner_id, title, description, is_public, group_id, start_time, end_time, count) VALUES ('db134234-7857-4174-ae13-600457531a3c', '9bc661b9-dad3-4ff1-9bbc-6aa2a1441486', 'title_7', 'description_7', 'True', 'b86169ac-2c75-4af7-bf88-a648bc55c350', '2023-06-10 21:03:10.000282', '2023-06-10 21:03:10.000283', '0');
INSERT INTO rooms (id, owner_id, title, description, is_public, group_id, start_time, end_time, count) VALUES ('21e4fbaa-a4f2-4bf0-baf6-9f4d17c113a6', 'c8b73848-cfdc-4888-9c41-a8dac250cdc8', 'title_8', 'description_8', 'True', 'b6579961-6805-481c-b91b-b3a3660c2b28', '2023-06-10 21:03:10.000290', '2023-06-10 21:03:10.000290', '0');
INSERT INTO rooms (id, owner_id, title, description, is_public, group_id, start_time, end_time, count) VALUES ('4d865e89-3769-48f9-a69a-8eaa86de73ce', '90fc042b-0a53-4366-9d28-1cb9fd6736ef', 'title_9', 'description_9', 'True', '28e1594a-0b14-4084-8b7d-5df7e3573aa5', '2023-06-10 21:03:10.000302', '2023-06-10 21:03:10.000303', '0');
INSERT INTO rooms (id, owner_id, title, description, is_public, group_id, start_time, end_time, count) VALUES ('eee75cc9-f33c-4604-bc55-99d112265bf5', '97927da2-72f5-4f8d-878f-89a7c42d4c77', 'title_10', 'description_10', 'True', '0dfd549e-fe9b-45d9-bd70-226714e465b1', '2023-06-10 21:03:10.000310', '2023-06-10 21:03:10.000310', '0');
INSERT INTO rooms (id, owner_id, title, description, is_public, group_id, start_time, end_time, count) VALUES ('0cfc98f6-34b0-48f8-b264-c26d4700eeea', '545734ab-1567-4683-b1a0-9bc9a065d540', 'title_11', 'description_11', 'True', 'e94940e3-c0f3-4449-a937-1ef3b3882187', '2023-06-10 21:03:10.000317', '2023-06-10 21:03:10.000318', '0');
INSERT INTO rooms (id, owner_id, title, description, is_public, group_id, start_time, end_time, count) VALUES ('47fe7a12-edfe-4289-9022-16da9b63761d', '7e595133-07e7-42d9-a13c-cf2a3a9d8466', 'title_12', 'description_12', 'True', 'b68c012b-b7c1-4364-8d53-310360a9edcc', '2023-06-10 21:03:10.000325', '2023-06-10 21:03:10.000325', '0');
INSERT INTO rooms (id, owner_id, title, description, is_public, group_id, start_time, end_time, count) VALUES ('fcf007fc-b679-4501-816e-6d1801393f73', '4e443812-e69b-4c3b-b871-51fdb1f7d7c4', 'title_13', 'description_13', 'True', 'f0a2db23-93e9-432b-8101-145fe60624f0', '2023-06-10 21:03:10.000332', '2023-06-10 21:03:10.000332', '0');
INSERT INTO rooms (id, owner_id, title, description, is_public, group_id, start_time, end_time, count) VALUES ('4f079147-fe8c-4457-b6cd-6f2d9dba332f', '4c52ef5c-b2fa-4025-8a74-4183cdcddc10', 'title_14', 'description_14', 'True', '8afc7791-efa0-43af-b831-e9073d9932c8', '2023-06-10 21:03:10.000339', '2023-06-10 21:03:10.000340', '0');
INSERT INTO rooms (id, owner_id, title, description, is_public, group_id, start_time, end_time, count) VALUES ('2a804239-cf13-41f0-ac92-72238061d839', 'f3b31b55-e098-41f8-9277-075e0c7e7eed', 'title_15', 'description_15', 'True', 'd63b8247-c60d-4bf6-8681-fabaec9643ab', '2023-06-10 21:03:10.000346', '2023-06-10 21:03:10.000347', '0');
INSERT INTO rooms (id, owner_id, title, description, is_public, group_id, start_time, end_time, count) VALUES ('1f8e7e56-f162-48e9-b33f-e8907a53f84a', 'f7388269-27b8-410b-bb35-06dcc3885b84', 'title_16', 'description_16', 'True', '322f98b7-80eb-43c1-82e3-fffed2b79b1d', '2023-06-10 21:03:10.000353', '2023-06-10 21:03:10.000354', '0');
INSERT INTO rooms (id, owner_id, title, description, is_public, group_id, start_time, end_time, count) VALUES ('13b0ece8-abf1-4817-812a-aee5cdd87186', 'b1960bec-96ec-4a5d-9073-f56272da3550', 'title_17', 'description_17', 'True', 'd158283e-9bea-49af-b0d0-8f9b8553cc69', '2023-06-10 21:03:10.000361', '2023-06-10 21:03:10.000361', '0');
INSERT INTO rooms (id, owner_id, title, description, is_public, group_id, start_time, end_time, count) VALUES ('b5f133ba-f6b1-4c95-aa7e-50bcb3afda7c', 'b78b87d1-8ee4-4b54-9606-e0d12529caae', 'title_18', 'description_18', 'True', 'd6e2f77d-767a-479d-9fd3-80f95ef2a25f', '2023-06-10 21:03:10.000368', '2023-06-10 21:03:10.000368', '0');
INSERT INTO rooms (id, owner_id, title, description, is_public, group_id, start_time, end_time, count) VALUES ('e8924f72-e87e-420d-8db4-af6b151b2369', 'fdd9f4ac-d0d4-4afd-90bc-0d3520122cdc', 'title_19', 'description_19', 'True', '39ed9306-9901-4693-9758-c377771b748d', '2023-06-10 21:03:10.000393', '2023-06-10 21:03:10.000393', '0');
INSERT INTO following (target_id, user_id) VALUES ('4e443812-e69b-4c3b-b871-51fdb1f7d7c4', 'eccb2cb3-3254-46b4-adcb-bdcb7ebea3e8');
INSERT INTO following (target_id, user_id) VALUES ('90fc042b-0a53-4366-9d28-1cb9fd6736ef', 'eccb2cb3-3254-46b4-adcb-bdcb7ebea3e8');
INSERT INTO following (target_id, user_id) VALUES ('a7464f80-6d88-4c01-ae7b-497e4ace11f8', 'eccb2cb3-3254-46b4-adcb-bdcb7ebea3e8');
INSERT INTO following (target_id, user_id) VALUES ('136aa8e9-77e5-4253-8c78-294b7b8b9c67', 'eccb2cb3-3254-46b4-adcb-bdcb7ebea3e8');
INSERT INTO following (target_id, user_id) VALUES ('3f0f2f7f-7ed6-4824-b362-140392a326ba', 'eccb2cb3-3254-46b4-adcb-bdcb7ebea3e8');
INSERT INTO following (target_id, user_id) VALUES ('136aa8e9-77e5-4253-8c78-294b7b8b9c67', '3f0f2f7f-7ed6-4824-b362-140392a326ba');
INSERT INTO following (target_id, user_id) VALUES ('fdd9f4ac-d0d4-4afd-90bc-0d3520122cdc', '3f0f2f7f-7ed6-4824-b362-140392a326ba');
INSERT INTO following (target_id, user_id) VALUES ('4e443812-e69b-4c3b-b871-51fdb1f7d7c4', '3f0f2f7f-7ed6-4824-b362-140392a326ba');
INSERT INTO following (target_id, user_id) VALUES ('90fc042b-0a53-4366-9d28-1cb9fd6736ef', '3f0f2f7f-7ed6-4824-b362-140392a326ba');
INSERT INTO following (target_id, user_id) VALUES ('b1960bec-96ec-4a5d-9073-f56272da3550', '3f0f2f7f-7ed6-4824-b362-140392a326ba');
INSERT INTO following (target_id, user_id) VALUES ('b1960bec-96ec-4a5d-9073-f56272da3550', 'a871517d-9bd2-4b44-b841-a9fa4aba08ad');
INSERT INTO following (target_id, user_id) VALUES ('a7464f80-6d88-4c01-ae7b-497e4ace11f8', 'a871517d-9bd2-4b44-b841-a9fa4aba08ad');
INSERT INTO following (target_id, user_id) VALUES ('fdd9f4ac-d0d4-4afd-90bc-0d3520122cdc', 'a871517d-9bd2-4b44-b841-a9fa4aba08ad');
INSERT INTO following (target_id, user_id) VALUES ('c8b73848-cfdc-4888-9c41-a8dac250cdc8', 'a871517d-9bd2-4b44-b841-a9fa4aba08ad');
INSERT INTO following (target_id, user_id) VALUES ('96d57817-2e3d-4df8-85c3-41dd3c23b58a', 'a871517d-9bd2-4b44-b841-a9fa4aba08ad');
INSERT INTO following (target_id, user_id) VALUES ('4e443812-e69b-4c3b-b871-51fdb1f7d7c4', 'a7464f80-6d88-4c01-ae7b-497e4ace11f8');
INSERT INTO following (target_id, user_id) VALUES ('ef556541-3dba-4246-a56d-d11fa883f0bd', 'a7464f80-6d88-4c01-ae7b-497e4ace11f8');
INSERT INTO following (target_id, user_id) VALUES ('3f0f2f7f-7ed6-4824-b362-140392a326ba', 'a7464f80-6d88-4c01-ae7b-497e4ace11f8');
INSERT INTO following (target_id, user_id) VALUES ('c8b73848-cfdc-4888-9c41-a8dac250cdc8', 'a7464f80-6d88-4c01-ae7b-497e4ace11f8');
INSERT INTO following (target_id, user_id) VALUES ('fdd9f4ac-d0d4-4afd-90bc-0d3520122cdc', 'a7464f80-6d88-4c01-ae7b-497e4ace11f8');
INSERT INTO following (target_id, user_id) VALUES ('4c52ef5c-b2fa-4025-8a74-4183cdcddc10', 'ef556541-3dba-4246-a56d-d11fa883f0bd');
INSERT INTO following (target_id, user_id) VALUES ('eccb2cb3-3254-46b4-adcb-bdcb7ebea3e8', 'ef556541-3dba-4246-a56d-d11fa883f0bd');
INSERT INTO following (target_id, user_id) VALUES ('b78b87d1-8ee4-4b54-9606-e0d12529caae', 'ef556541-3dba-4246-a56d-d11fa883f0bd');
INSERT INTO following (target_id, user_id) VALUES ('97927da2-72f5-4f8d-878f-89a7c42d4c77', 'ef556541-3dba-4246-a56d-d11fa883f0bd');
INSERT INTO following (target_id, user_id) VALUES ('a7464f80-6d88-4c01-ae7b-497e4ace11f8', 'ef556541-3dba-4246-a56d-d11fa883f0bd');
INSERT INTO following (target_id, user_id) VALUES ('3f0f2f7f-7ed6-4824-b362-140392a326ba', '96d57817-2e3d-4df8-85c3-41dd3c23b58a');
INSERT INTO following (target_id, user_id) VALUES ('7e595133-07e7-42d9-a13c-cf2a3a9d8466', '96d57817-2e3d-4df8-85c3-41dd3c23b58a');
INSERT INTO following (target_id, user_id) VALUES ('9bc661b9-dad3-4ff1-9bbc-6aa2a1441486', '96d57817-2e3d-4df8-85c3-41dd3c23b58a');
INSERT INTO following (target_id, user_id) VALUES ('a7464f80-6d88-4c01-ae7b-497e4ace11f8', '96d57817-2e3d-4df8-85c3-41dd3c23b58a');
INSERT INTO following (target_id, user_id) VALUES ('f7388269-27b8-410b-bb35-06dcc3885b84', '96d57817-2e3d-4df8-85c3-41dd3c23b58a');
INSERT INTO following (target_id, user_id) VALUES ('90fc042b-0a53-4366-9d28-1cb9fd6736ef', '136aa8e9-77e5-4253-8c78-294b7b8b9c67');
INSERT INTO following (target_id, user_id) VALUES ('a7464f80-6d88-4c01-ae7b-497e4ace11f8', '136aa8e9-77e5-4253-8c78-294b7b8b9c67');
INSERT INTO following (target_id, user_id) VALUES ('9bc661b9-dad3-4ff1-9bbc-6aa2a1441486', '136aa8e9-77e5-4253-8c78-294b7b8b9c67');
INSERT INTO following (target_id, user_id) VALUES ('96d57817-2e3d-4df8-85c3-41dd3c23b58a', '136aa8e9-77e5-4253-8c78-294b7b8b9c67');
INSERT INTO following (target_id, user_id) VALUES ('4c52ef5c-b2fa-4025-8a74-4183cdcddc10', '136aa8e9-77e5-4253-8c78-294b7b8b9c67');
INSERT INTO following (target_id, user_id) VALUES ('97927da2-72f5-4f8d-878f-89a7c42d4c77', '9bc661b9-dad3-4ff1-9bbc-6aa2a1441486');
INSERT INTO following (target_id, user_id) VALUES ('7e595133-07e7-42d9-a13c-cf2a3a9d8466', '9bc661b9-dad3-4ff1-9bbc-6aa2a1441486');
INSERT INTO following (target_id, user_id) VALUES ('f7388269-27b8-410b-bb35-06dcc3885b84', '9bc661b9-dad3-4ff1-9bbc-6aa2a1441486');
INSERT INTO following (target_id, user_id) VALUES ('b78b87d1-8ee4-4b54-9606-e0d12529caae', '9bc661b9-dad3-4ff1-9bbc-6aa2a1441486');
INSERT INTO following (target_id, user_id) VALUES ('4c52ef5c-b2fa-4025-8a74-4183cdcddc10', '9bc661b9-dad3-4ff1-9bbc-6aa2a1441486');
INSERT INTO following (target_id, user_id) VALUES ('b1960bec-96ec-4a5d-9073-f56272da3550', 'c8b73848-cfdc-4888-9c41-a8dac250cdc8');
INSERT INTO following (target_id, user_id) VALUES ('4c52ef5c-b2fa-4025-8a74-4183cdcddc10', 'c8b73848-cfdc-4888-9c41-a8dac250cdc8');
INSERT INTO following (target_id, user_id) VALUES ('545734ab-1567-4683-b1a0-9bc9a065d540', 'c8b73848-cfdc-4888-9c41-a8dac250cdc8');
INSERT INTO following (target_id, user_id) VALUES ('136aa8e9-77e5-4253-8c78-294b7b8b9c67', 'c8b73848-cfdc-4888-9c41-a8dac250cdc8');
INSERT INTO following (target_id, user_id) VALUES ('a871517d-9bd2-4b44-b841-a9fa4aba08ad', 'c8b73848-cfdc-4888-9c41-a8dac250cdc8');
INSERT INTO following (target_id, user_id) VALUES ('c8b73848-cfdc-4888-9c41-a8dac250cdc8', '90fc042b-0a53-4366-9d28-1cb9fd6736ef');
INSERT INTO following (target_id, user_id) VALUES ('3f0f2f7f-7ed6-4824-b362-140392a326ba', '90fc042b-0a53-4366-9d28-1cb9fd6736ef');
INSERT INTO following (target_id, user_id) VALUES ('b78b87d1-8ee4-4b54-9606-e0d12529caae', '90fc042b-0a53-4366-9d28-1cb9fd6736ef');
INSERT INTO following (target_id, user_id) VALUES ('fdd9f4ac-d0d4-4afd-90bc-0d3520122cdc', '90fc042b-0a53-4366-9d28-1cb9fd6736ef');
INSERT INTO following (target_id, user_id) VALUES ('97927da2-72f5-4f8d-878f-89a7c42d4c77', '90fc042b-0a53-4366-9d28-1cb9fd6736ef');
INSERT INTO following (target_id, user_id) VALUES ('4e443812-e69b-4c3b-b871-51fdb1f7d7c4', '97927da2-72f5-4f8d-878f-89a7c42d4c77');
INSERT INTO following (target_id, user_id) VALUES ('fdd9f4ac-d0d4-4afd-90bc-0d3520122cdc', '97927da2-72f5-4f8d-878f-89a7c42d4c77');
INSERT INTO following (target_id, user_id) VALUES ('9bc661b9-dad3-4ff1-9bbc-6aa2a1441486', '97927da2-72f5-4f8d-878f-89a7c42d4c77');
INSERT INTO following (target_id, user_id) VALUES ('a871517d-9bd2-4b44-b841-a9fa4aba08ad', '97927da2-72f5-4f8d-878f-89a7c42d4c77');
INSERT INTO following (target_id, user_id) VALUES ('b78b87d1-8ee4-4b54-9606-e0d12529caae', '97927da2-72f5-4f8d-878f-89a7c42d4c77');
INSERT INTO following (target_id, user_id) VALUES ('f7388269-27b8-410b-bb35-06dcc3885b84', '545734ab-1567-4683-b1a0-9bc9a065d540');
INSERT INTO following (target_id, user_id) VALUES ('a871517d-9bd2-4b44-b841-a9fa4aba08ad', '545734ab-1567-4683-b1a0-9bc9a065d540');
INSERT INTO following (target_id, user_id) VALUES ('96d57817-2e3d-4df8-85c3-41dd3c23b58a', '545734ab-1567-4683-b1a0-9bc9a065d540');
INSERT INTO following (target_id, user_id) VALUES ('b1960bec-96ec-4a5d-9073-f56272da3550', '545734ab-1567-4683-b1a0-9bc9a065d540');
INSERT INTO following (target_id, user_id) VALUES ('fdd9f4ac-d0d4-4afd-90bc-0d3520122cdc', '545734ab-1567-4683-b1a0-9bc9a065d540');
INSERT INTO following (target_id, user_id) VALUES ('eccb2cb3-3254-46b4-adcb-bdcb7ebea3e8', '7e595133-07e7-42d9-a13c-cf2a3a9d8466');
INSERT INTO following (target_id, user_id) VALUES ('136aa8e9-77e5-4253-8c78-294b7b8b9c67', '7e595133-07e7-42d9-a13c-cf2a3a9d8466');
INSERT INTO following (target_id, user_id) VALUES ('fdd9f4ac-d0d4-4afd-90bc-0d3520122cdc', '7e595133-07e7-42d9-a13c-cf2a3a9d8466');
INSERT INTO following (target_id, user_id) VALUES ('a7464f80-6d88-4c01-ae7b-497e4ace11f8', '7e595133-07e7-42d9-a13c-cf2a3a9d8466');
INSERT INTO following (target_id, user_id) VALUES ('4e443812-e69b-4c3b-b871-51fdb1f7d7c4', '7e595133-07e7-42d9-a13c-cf2a3a9d8466');
INSERT INTO following (target_id, user_id) VALUES ('fdd9f4ac-d0d4-4afd-90bc-0d3520122cdc', '4e443812-e69b-4c3b-b871-51fdb1f7d7c4');
INSERT INTO following (target_id, user_id) VALUES ('f3b31b55-e098-41f8-9277-075e0c7e7eed', '4e443812-e69b-4c3b-b871-51fdb1f7d7c4');
INSERT INTO following (target_id, user_id) VALUES ('136aa8e9-77e5-4253-8c78-294b7b8b9c67', '4e443812-e69b-4c3b-b871-51fdb1f7d7c4');
INSERT INTO following (target_id, user_id) VALUES ('97927da2-72f5-4f8d-878f-89a7c42d4c77', '4e443812-e69b-4c3b-b871-51fdb1f7d7c4');
INSERT INTO following (target_id, user_id) VALUES ('90fc042b-0a53-4366-9d28-1cb9fd6736ef', '4e443812-e69b-4c3b-b871-51fdb1f7d7c4');
INSERT INTO following (target_id, user_id) VALUES ('136aa8e9-77e5-4253-8c78-294b7b8b9c67', '4c52ef5c-b2fa-4025-8a74-4183cdcddc10');
INSERT INTO following (target_id, user_id) VALUES ('b78b87d1-8ee4-4b54-9606-e0d12529caae', '4c52ef5c-b2fa-4025-8a74-4183cdcddc10');
INSERT INTO following (target_id, user_id) VALUES ('90fc042b-0a53-4366-9d28-1cb9fd6736ef', '4c52ef5c-b2fa-4025-8a74-4183cdcddc10');
INSERT INTO following (target_id, user_id) VALUES ('4e443812-e69b-4c3b-b871-51fdb1f7d7c4', '4c52ef5c-b2fa-4025-8a74-4183cdcddc10');
INSERT INTO following (target_id, user_id) VALUES ('f3b31b55-e098-41f8-9277-075e0c7e7eed', '4c52ef5c-b2fa-4025-8a74-4183cdcddc10');
INSERT INTO following (target_id, user_id) VALUES ('a871517d-9bd2-4b44-b841-a9fa4aba08ad', 'f3b31b55-e098-41f8-9277-075e0c7e7eed');
INSERT INTO following (target_id, user_id) VALUES ('f7388269-27b8-410b-bb35-06dcc3885b84', 'f3b31b55-e098-41f8-9277-075e0c7e7eed');
INSERT INTO following (target_id, user_id) VALUES ('eccb2cb3-3254-46b4-adcb-bdcb7ebea3e8', 'f3b31b55-e098-41f8-9277-075e0c7e7eed');
INSERT INTO following (target_id, user_id) VALUES ('b1960bec-96ec-4a5d-9073-f56272da3550', 'f3b31b55-e098-41f8-9277-075e0c7e7eed');
INSERT INTO following (target_id, user_id) VALUES ('4c52ef5c-b2fa-4025-8a74-4183cdcddc10', 'f3b31b55-e098-41f8-9277-075e0c7e7eed');
INSERT INTO following (target_id, user_id) VALUES ('a7464f80-6d88-4c01-ae7b-497e4ace11f8', 'f7388269-27b8-410b-bb35-06dcc3885b84');
INSERT INTO following (target_id, user_id) VALUES ('9bc661b9-dad3-4ff1-9bbc-6aa2a1441486', 'f7388269-27b8-410b-bb35-06dcc3885b84');
INSERT INTO following (target_id, user_id) VALUES ('3f0f2f7f-7ed6-4824-b362-140392a326ba', 'f7388269-27b8-410b-bb35-06dcc3885b84');
INSERT INTO following (target_id, user_id) VALUES ('96d57817-2e3d-4df8-85c3-41dd3c23b58a', 'f7388269-27b8-410b-bb35-06dcc3885b84');
INSERT INTO following (target_id, user_id) VALUES ('136aa8e9-77e5-4253-8c78-294b7b8b9c67', 'f7388269-27b8-410b-bb35-06dcc3885b84');
INSERT INTO following (target_id, user_id) VALUES ('545734ab-1567-4683-b1a0-9bc9a065d540', 'b1960bec-96ec-4a5d-9073-f56272da3550');
INSERT INTO following (target_id, user_id) VALUES ('c8b73848-cfdc-4888-9c41-a8dac250cdc8', 'b1960bec-96ec-4a5d-9073-f56272da3550');
INSERT INTO following (target_id, user_id) VALUES ('a871517d-9bd2-4b44-b841-a9fa4aba08ad', 'b1960bec-96ec-4a5d-9073-f56272da3550');
INSERT INTO following (target_id, user_id) VALUES ('97927da2-72f5-4f8d-878f-89a7c42d4c77', 'b1960bec-96ec-4a5d-9073-f56272da3550');
INSERT INTO following (target_id, user_id) VALUES ('90fc042b-0a53-4366-9d28-1cb9fd6736ef', 'b1960bec-96ec-4a5d-9073-f56272da3550');
INSERT INTO following (target_id, user_id) VALUES ('96d57817-2e3d-4df8-85c3-41dd3c23b58a', 'b78b87d1-8ee4-4b54-9606-e0d12529caae');
INSERT INTO following (target_id, user_id) VALUES ('7e595133-07e7-42d9-a13c-cf2a3a9d8466', 'b78b87d1-8ee4-4b54-9606-e0d12529caae');
INSERT INTO following (target_id, user_id) VALUES ('eccb2cb3-3254-46b4-adcb-bdcb7ebea3e8', 'b78b87d1-8ee4-4b54-9606-e0d12529caae');
INSERT INTO following (target_id, user_id) VALUES ('ef556541-3dba-4246-a56d-d11fa883f0bd', 'b78b87d1-8ee4-4b54-9606-e0d12529caae');
INSERT INTO following (target_id, user_id) VALUES ('136aa8e9-77e5-4253-8c78-294b7b8b9c67', 'b78b87d1-8ee4-4b54-9606-e0d12529caae');
INSERT INTO following (target_id, user_id) VALUES ('3f0f2f7f-7ed6-4824-b362-140392a326ba', 'fdd9f4ac-d0d4-4afd-90bc-0d3520122cdc');
INSERT INTO following (target_id, user_id) VALUES ('545734ab-1567-4683-b1a0-9bc9a065d540', 'fdd9f4ac-d0d4-4afd-90bc-0d3520122cdc');
INSERT INTO following (target_id, user_id) VALUES ('a871517d-9bd2-4b44-b841-a9fa4aba08ad', 'fdd9f4ac-d0d4-4afd-90bc-0d3520122cdc');
INSERT INTO following (target_id, user_id) VALUES ('a7464f80-6d88-4c01-ae7b-497e4ace11f8', 'fdd9f4ac-d0d4-4afd-90bc-0d3520122cdc');
INSERT INTO following (target_id, user_id) VALUES ('96d57817-2e3d-4df8-85c3-41dd3c23b58a', 'fdd9f4ac-d0d4-4afd-90bc-0d3520122cdc');
INSERT INTO posts (id, user_id, content, created_at, update_at) VALUES ('ee69f4ba-aac4-479a-8a23-c803e4665967', 'eccb2cb3-3254-46b4-adcb-bdcb7ebea3e8', 'content_0', '2023-06-10 21:03:10.002176', '2023-06-10 21:03:10.002177');
INSERT INTO posts (id, user_id, content, created_at, update_at) VALUES ('88d04bd0-9e1b-46fa-884f-e5cfd74dc664', '3f0f2f7f-7ed6-4824-b362-140392a326ba', 'content_1', '2023-06-10 21:03:10.002184', '2023-06-10 21:03:10.002184');
INSERT INTO posts (id, user_id, content, created_at, update_at) VALUES ('7c9dd82d-918d-484a-bc34-45050f2f56b7', 'a871517d-9bd2-4b44-b841-a9fa4aba08ad', 'content_2', '2023-06-10 21:03:10.002190', '2023-06-10 21:03:10.002191');
INSERT INTO posts (id, user_id, content, created_at, update_at) VALUES ('e42f1f1f-12ae-4867-8381-d4a21afc66df', 'a7464f80-6d88-4c01-ae7b-497e4ace11f8', 'content_3', '2023-06-10 21:03:10.002197', '2023-06-10 21:03:10.002197');
INSERT INTO posts (id, user_id, content, created_at, update_at) VALUES ('839da8d1-60e6-40f8-a50e-474b7ba54898', 'ef556541-3dba-4246-a56d-d11fa883f0bd', 'content_4', '2023-06-10 21:03:10.002203', '2023-06-10 21:03:10.002203');
INSERT INTO posts (id, user_id, content, created_at, update_at) VALUES ('46ff82e0-aea8-4e1b-b48b-d275e0a82cbe', '96d57817-2e3d-4df8-85c3-41dd3c23b58a', 'content_5', '2023-06-10 21:03:10.002208', '2023-06-10 21:03:10.002209');
INSERT INTO posts (id, user_id, content, created_at, update_at) VALUES ('09992802-5a1e-46ff-aa5b-4f79a000596e', '136aa8e9-77e5-4253-8c78-294b7b8b9c67', 'content_6', '2023-06-10 21:03:10.002214', '2023-06-10 21:03:10.002214');
INSERT INTO posts (id, user_id, content, created_at, update_at) VALUES ('93949734-6208-4dfb-bbeb-0a40ee042332', '9bc661b9-dad3-4ff1-9bbc-6aa2a1441486', 'content_7', '2023-06-10 21:03:10.002220', '2023-06-10 21:03:10.002220');
INSERT INTO posts (id, user_id, content, created_at, update_at) VALUES ('6e0a2e4c-8f48-43e1-8c5c-23558999ce91', 'c8b73848-cfdc-4888-9c41-a8dac250cdc8', 'content_8', '2023-06-10 21:03:10.002226', '2023-06-10 21:03:10.002226');
INSERT INTO posts (id, user_id, content, created_at, update_at) VALUES ('4d01987b-c25e-4e7c-a6bb-a9b1bfbef480', '90fc042b-0a53-4366-9d28-1cb9fd6736ef', 'content_9', '2023-06-10 21:03:10.002231', '2023-06-10 21:03:10.002232');
INSERT INTO posts (id, user_id, content, created_at, update_at) VALUES ('badc1908-37bd-494d-a7f2-2910e8c94d46', '97927da2-72f5-4f8d-878f-89a7c42d4c77', 'content_10', '2023-06-10 21:03:10.002237', '2023-06-10 21:03:10.002237');
INSERT INTO posts (id, user_id, content, created_at, update_at) VALUES ('1b53b50b-eec0-4c28-a9ec-4ed3b28f0ae3', '545734ab-1567-4683-b1a0-9bc9a065d540', 'content_11', '2023-06-10 21:03:10.002258', '2023-06-10 21:03:10.002259');
INSERT INTO posts (id, user_id, content, created_at, update_at) VALUES ('4a6d1f2f-6bb0-499d-b0db-50e8e64c1b92', '7e595133-07e7-42d9-a13c-cf2a3a9d8466', 'content_12', '2023-06-10 21:03:10.002265', '2023-06-10 21:03:10.002266');
INSERT INTO posts (id, user_id, content, created_at, update_at) VALUES ('90d4c75b-4f52-41a1-9e39-83532db9fc53', '4e443812-e69b-4c3b-b871-51fdb1f7d7c4', 'content_13', '2023-06-10 21:03:10.002271', '2023-06-10 21:03:10.002271');
INSERT INTO posts (id, user_id, content, created_at, update_at) VALUES ('347f3430-1944-4398-8651-0a1f2529bd6f', '4c52ef5c-b2fa-4025-8a74-4183cdcddc10', 'content_14', '2023-06-10 21:03:10.002277', '2023-06-10 21:03:10.002277');
INSERT INTO posts (id, user_id, content, created_at, update_at) VALUES ('4d2d521b-0db8-4873-a956-9586afef8ba7', 'f3b31b55-e098-41f8-9277-075e0c7e7eed', 'content_15', '2023-06-10 21:03:10.002282', '2023-06-10 21:03:10.002283');
INSERT INTO posts (id, user_id, content, created_at, update_at) VALUES ('d931bd10-19c3-4a49-a0a7-6a489b88627b', 'f7388269-27b8-410b-bb35-06dcc3885b84', 'content_16', '2023-06-10 21:03:10.002288', '2023-06-10 21:03:10.002288');
INSERT INTO posts (id, user_id, content, created_at, update_at) VALUES ('f6cc7fb7-424a-411f-8815-da2efb9ba8cf', 'b1960bec-96ec-4a5d-9073-f56272da3550', 'content_17', '2023-06-10 21:03:10.002294', '2023-06-10 21:03:10.002294');
INSERT INTO posts (id, user_id, content, created_at, update_at) VALUES ('5128c592-74b9-4fa8-9b2a-37f99b8ec2b9', 'b78b87d1-8ee4-4b54-9606-e0d12529caae', 'content_18', '2023-06-10 21:03:10.002299', '2023-06-10 21:03:10.002300');
INSERT INTO posts (id, user_id, content, created_at, update_at) VALUES ('41f034ac-6e05-4ae6-a75b-aa62c628c573', 'fdd9f4ac-d0d4-4afd-90bc-0d3520122cdc', 'content_19', '2023-06-10 21:03:10.002305', '2023-06-10 21:03:10.002305');
INSERT INTO replies (id, user_id, post_id, content, created_at) VALUES ('81b8e130-a0f4-4e58-83ac-ef5a9fe37b55', 'eccb2cb3-3254-46b4-adcb-bdcb7ebea3e8', 'ee69f4ba-aac4-479a-8a23-c803e4665967', 'content_0', '2023-06-10 21:03:10.002311');
INSERT INTO replies (id, user_id, post_id, content, created_at) VALUES ('9fc83036-af11-499d-b7a8-68d52cbc432b', '3f0f2f7f-7ed6-4824-b362-140392a326ba', '88d04bd0-9e1b-46fa-884f-e5cfd74dc664', 'content_1', '2023-06-10 21:03:10.002317');
INSERT INTO replies (id, user_id, post_id, content, created_at) VALUES ('eb589c4d-3500-4175-9713-161abb346c15', 'a871517d-9bd2-4b44-b841-a9fa4aba08ad', '7c9dd82d-918d-484a-bc34-45050f2f56b7', 'content_2', '2023-06-10 21:03:10.002323');
INSERT INTO replies (id, user_id, post_id, content, created_at) VALUES ('d3fd7cc7-759c-492b-b2ea-73f66e70538b', 'a7464f80-6d88-4c01-ae7b-497e4ace11f8', 'e42f1f1f-12ae-4867-8381-d4a21afc66df', 'content_3', '2023-06-10 21:03:10.002328');
INSERT INTO replies (id, user_id, post_id, content, created_at) VALUES ('d42cc971-a5ce-4982-b2ba-780dc6202e7e', 'ef556541-3dba-4246-a56d-d11fa883f0bd', '839da8d1-60e6-40f8-a50e-474b7ba54898', 'content_4', '2023-06-10 21:03:10.002333');
INSERT INTO replies (id, user_id, post_id, content, created_at) VALUES ('3e97e47d-9dee-49c7-97b8-0130aed79531', '96d57817-2e3d-4df8-85c3-41dd3c23b58a', '46ff82e0-aea8-4e1b-b48b-d275e0a82cbe', 'content_5', '2023-06-10 21:03:10.002338');
INSERT INTO replies (id, user_id, post_id, content, created_at) VALUES ('3e6a430f-5feb-4e13-ad54-c2bb3827b69f', '136aa8e9-77e5-4253-8c78-294b7b8b9c67', '09992802-5a1e-46ff-aa5b-4f79a000596e', 'content_6', '2023-06-10 21:03:10.002344');
INSERT INTO replies (id, user_id, post_id, content, created_at) VALUES ('d2753755-4bab-4874-bdf7-6fb0dfe8cc8e', '9bc661b9-dad3-4ff1-9bbc-6aa2a1441486', '93949734-6208-4dfb-bbeb-0a40ee042332', 'content_7', '2023-06-10 21:03:10.002349');
INSERT INTO replies (id, user_id, post_id, content, created_at) VALUES ('8f13a3d3-5039-423b-ae7c-da8e0df1468d', 'c8b73848-cfdc-4888-9c41-a8dac250cdc8', '6e0a2e4c-8f48-43e1-8c5c-23558999ce91', 'content_8', '2023-06-10 21:03:10.002354');
INSERT INTO replies (id, user_id, post_id, content, created_at) VALUES ('4d66108a-b700-4282-a6ae-19452e4c4c0c', '90fc042b-0a53-4366-9d28-1cb9fd6736ef', '4d01987b-c25e-4e7c-a6bb-a9b1bfbef480', 'content_9', '2023-06-10 21:03:10.002359');
INSERT INTO replies (id, user_id, post_id, content, created_at) VALUES ('52839ba2-c954-4c47-892b-b637d69177de', '97927da2-72f5-4f8d-878f-89a7c42d4c77', 'badc1908-37bd-494d-a7f2-2910e8c94d46', 'content_10', '2023-06-10 21:03:10.002365');
INSERT INTO replies (id, user_id, post_id, content, created_at) VALUES ('568d6f34-8598-469a-8836-641d0e9dbcc4', '545734ab-1567-4683-b1a0-9bc9a065d540', '1b53b50b-eec0-4c28-a9ec-4ed3b28f0ae3', 'content_11', '2023-06-10 21:03:10.002370');
INSERT INTO replies (id, user_id, post_id, content, created_at) VALUES ('1228e2f8-5e31-4608-9e26-4700ee4221c2', '7e595133-07e7-42d9-a13c-cf2a3a9d8466', '4a6d1f2f-6bb0-499d-b0db-50e8e64c1b92', 'content_12', '2023-06-10 21:03:10.002375');
INSERT INTO replies (id, user_id, post_id, content, created_at) VALUES ('8dcd2fe9-d536-4780-8cb5-adb96f93a19c', '4e443812-e69b-4c3b-b871-51fdb1f7d7c4', '90d4c75b-4f52-41a1-9e39-83532db9fc53', 'content_13', '2023-06-10 21:03:10.002382');
INSERT INTO replies (id, user_id, post_id, content, created_at) VALUES ('b6c58813-0fc3-4d23-99c6-1ff5894a9084', '4c52ef5c-b2fa-4025-8a74-4183cdcddc10', '347f3430-1944-4398-8651-0a1f2529bd6f', 'content_14', '2023-06-10 21:03:10.002387');
INSERT INTO replies (id, user_id, post_id, content, created_at) VALUES ('e1147f5a-76c0-4af3-b6c6-303e47297e7f', 'f3b31b55-e098-41f8-9277-075e0c7e7eed', '4d2d521b-0db8-4873-a956-9586afef8ba7', 'content_15', '2023-06-10 21:03:10.002392');
INSERT INTO replies (id, user_id, post_id, content, created_at) VALUES ('e2b740f5-c22e-4213-b7b1-f6fe8009d0e4', 'f7388269-27b8-410b-bb35-06dcc3885b84', 'd931bd10-19c3-4a49-a0a7-6a489b88627b', 'content_16', '2023-06-10 21:03:10.002397');
INSERT INTO replies (id, user_id, post_id, content, created_at) VALUES ('aa9e9159-d33f-41fc-b130-22ad03baadd0', 'b1960bec-96ec-4a5d-9073-f56272da3550', 'f6cc7fb7-424a-411f-8815-da2efb9ba8cf', 'content_17', '2023-06-10 21:03:10.002403');
INSERT INTO replies (id, user_id, post_id, content, created_at) VALUES ('218cd4b4-883e-4081-bf0a-ec82c39bc5fa', 'b78b87d1-8ee4-4b54-9606-e0d12529caae', '5128c592-74b9-4fa8-9b2a-37f99b8ec2b9', 'content_18', '2023-06-10 21:03:10.002408');
INSERT INTO replies (id, user_id, post_id, content, created_at) VALUES ('1c6f0f50-333f-4813-af33-fa2f6e37e0d4', 'fdd9f4ac-d0d4-4afd-90bc-0d3520122cdc', '41f034ac-6e05-4ae6-a75b-aa62c628c573', 'content_19', '2023-06-10 21:03:10.002413');
INSERT INTO likes (post_id, user_id) VALUES ('1b53b50b-eec0-4c28-a9ec-4ed3b28f0ae3', 'eccb2cb3-3254-46b4-adcb-bdcb7ebea3e8');
INSERT INTO likes (post_id, user_id) VALUES ('41f034ac-6e05-4ae6-a75b-aa62c628c573', 'eccb2cb3-3254-46b4-adcb-bdcb7ebea3e8');
INSERT INTO likes (post_id, user_id) VALUES ('93949734-6208-4dfb-bbeb-0a40ee042332', 'eccb2cb3-3254-46b4-adcb-bdcb7ebea3e8');
INSERT INTO likes (post_id, user_id) VALUES ('4d2d521b-0db8-4873-a956-9586afef8ba7', 'eccb2cb3-3254-46b4-adcb-bdcb7ebea3e8');
INSERT INTO likes (post_id, user_id) VALUES ('f6cc7fb7-424a-411f-8815-da2efb9ba8cf', 'eccb2cb3-3254-46b4-adcb-bdcb7ebea3e8');
INSERT INTO likes (post_id, user_id) VALUES ('90d4c75b-4f52-41a1-9e39-83532db9fc53', '3f0f2f7f-7ed6-4824-b362-140392a326ba');
INSERT INTO likes (post_id, user_id) VALUES ('4d01987b-c25e-4e7c-a6bb-a9b1bfbef480', '3f0f2f7f-7ed6-4824-b362-140392a326ba');
INSERT INTO likes (post_id, user_id) VALUES ('88d04bd0-9e1b-46fa-884f-e5cfd74dc664', '3f0f2f7f-7ed6-4824-b362-140392a326ba');
INSERT INTO likes (post_id, user_id) VALUES ('f6cc7fb7-424a-411f-8815-da2efb9ba8cf', '3f0f2f7f-7ed6-4824-b362-140392a326ba');
INSERT INTO likes (post_id, user_id) VALUES ('839da8d1-60e6-40f8-a50e-474b7ba54898', '3f0f2f7f-7ed6-4824-b362-140392a326ba');
INSERT INTO likes (post_id, user_id) VALUES ('f6cc7fb7-424a-411f-8815-da2efb9ba8cf', 'a871517d-9bd2-4b44-b841-a9fa4aba08ad');
INSERT INTO likes (post_id, user_id) VALUES ('88d04bd0-9e1b-46fa-884f-e5cfd74dc664', 'a871517d-9bd2-4b44-b841-a9fa4aba08ad');
INSERT INTO likes (post_id, user_id) VALUES ('46ff82e0-aea8-4e1b-b48b-d275e0a82cbe', 'a871517d-9bd2-4b44-b841-a9fa4aba08ad');
INSERT INTO likes (post_id, user_id) VALUES ('93949734-6208-4dfb-bbeb-0a40ee042332', 'a871517d-9bd2-4b44-b841-a9fa4aba08ad');
INSERT INTO likes (post_id, user_id) VALUES ('ee69f4ba-aac4-479a-8a23-c803e4665967', 'a871517d-9bd2-4b44-b841-a9fa4aba08ad');
INSERT INTO likes (post_id, user_id) VALUES ('09992802-5a1e-46ff-aa5b-4f79a000596e', 'a7464f80-6d88-4c01-ae7b-497e4ace11f8');
INSERT INTO likes (post_id, user_id) VALUES ('e42f1f1f-12ae-4867-8381-d4a21afc66df', 'a7464f80-6d88-4c01-ae7b-497e4ace11f8');
INSERT INTO likes (post_id, user_id) VALUES ('4d2d521b-0db8-4873-a956-9586afef8ba7', 'a7464f80-6d88-4c01-ae7b-497e4ace11f8');
INSERT INTO likes (post_id, user_id) VALUES ('7c9dd82d-918d-484a-bc34-45050f2f56b7', 'a7464f80-6d88-4c01-ae7b-497e4ace11f8');
INSERT INTO likes (post_id, user_id) VALUES ('347f3430-1944-4398-8651-0a1f2529bd6f', 'a7464f80-6d88-4c01-ae7b-497e4ace11f8');
INSERT INTO likes (post_id, user_id) VALUES ('badc1908-37bd-494d-a7f2-2910e8c94d46', 'ef556541-3dba-4246-a56d-d11fa883f0bd');
INSERT INTO likes (post_id, user_id) VALUES ('d931bd10-19c3-4a49-a0a7-6a489b88627b', 'ef556541-3dba-4246-a56d-d11fa883f0bd');
INSERT INTO likes (post_id, user_id) VALUES ('839da8d1-60e6-40f8-a50e-474b7ba54898', 'ef556541-3dba-4246-a56d-d11fa883f0bd');
INSERT INTO likes (post_id, user_id) VALUES ('4a6d1f2f-6bb0-499d-b0db-50e8e64c1b92', 'ef556541-3dba-4246-a56d-d11fa883f0bd');
INSERT INTO likes (post_id, user_id) VALUES ('4d2d521b-0db8-4873-a956-9586afef8ba7', 'ef556541-3dba-4246-a56d-d11fa883f0bd');
INSERT INTO likes (post_id, user_id) VALUES ('ee69f4ba-aac4-479a-8a23-c803e4665967', '96d57817-2e3d-4df8-85c3-41dd3c23b58a');
INSERT INTO likes (post_id, user_id) VALUES ('4a6d1f2f-6bb0-499d-b0db-50e8e64c1b92', '96d57817-2e3d-4df8-85c3-41dd3c23b58a');
INSERT INTO likes (post_id, user_id) VALUES ('4d2d521b-0db8-4873-a956-9586afef8ba7', '96d57817-2e3d-4df8-85c3-41dd3c23b58a');
INSERT INTO likes (post_id, user_id) VALUES ('e42f1f1f-12ae-4867-8381-d4a21afc66df', '96d57817-2e3d-4df8-85c3-41dd3c23b58a');
INSERT INTO likes (post_id, user_id) VALUES ('d931bd10-19c3-4a49-a0a7-6a489b88627b', '96d57817-2e3d-4df8-85c3-41dd3c23b58a');
INSERT INTO likes (post_id, user_id) VALUES ('09992802-5a1e-46ff-aa5b-4f79a000596e', '136aa8e9-77e5-4253-8c78-294b7b8b9c67');
INSERT INTO likes (post_id, user_id) VALUES ('93949734-6208-4dfb-bbeb-0a40ee042332', '136aa8e9-77e5-4253-8c78-294b7b8b9c67');
INSERT INTO likes (post_id, user_id) VALUES ('4a6d1f2f-6bb0-499d-b0db-50e8e64c1b92', '136aa8e9-77e5-4253-8c78-294b7b8b9c67');
INSERT INTO likes (post_id, user_id) VALUES ('4d01987b-c25e-4e7c-a6bb-a9b1bfbef480', '136aa8e9-77e5-4253-8c78-294b7b8b9c67');
INSERT INTO likes (post_id, user_id) VALUES ('839da8d1-60e6-40f8-a50e-474b7ba54898', '136aa8e9-77e5-4253-8c78-294b7b8b9c67');
INSERT INTO likes (post_id, user_id) VALUES ('ee69f4ba-aac4-479a-8a23-c803e4665967', '9bc661b9-dad3-4ff1-9bbc-6aa2a1441486');
INSERT INTO likes (post_id, user_id) VALUES ('09992802-5a1e-46ff-aa5b-4f79a000596e', '9bc661b9-dad3-4ff1-9bbc-6aa2a1441486');
INSERT INTO likes (post_id, user_id) VALUES ('5128c592-74b9-4fa8-9b2a-37f99b8ec2b9', '9bc661b9-dad3-4ff1-9bbc-6aa2a1441486');
INSERT INTO likes (post_id, user_id) VALUES ('4d01987b-c25e-4e7c-a6bb-a9b1bfbef480', '9bc661b9-dad3-4ff1-9bbc-6aa2a1441486');
INSERT INTO likes (post_id, user_id) VALUES ('88d04bd0-9e1b-46fa-884f-e5cfd74dc664', '9bc661b9-dad3-4ff1-9bbc-6aa2a1441486');
INSERT INTO likes (post_id, user_id) VALUES ('46ff82e0-aea8-4e1b-b48b-d275e0a82cbe', 'c8b73848-cfdc-4888-9c41-a8dac250cdc8');
INSERT INTO likes (post_id, user_id) VALUES ('93949734-6208-4dfb-bbeb-0a40ee042332', 'c8b73848-cfdc-4888-9c41-a8dac250cdc8');
INSERT INTO likes (post_id, user_id) VALUES ('7c9dd82d-918d-484a-bc34-45050f2f56b7', 'c8b73848-cfdc-4888-9c41-a8dac250cdc8');
INSERT INTO likes (post_id, user_id) VALUES ('f6cc7fb7-424a-411f-8815-da2efb9ba8cf', 'c8b73848-cfdc-4888-9c41-a8dac250cdc8');
INSERT INTO likes (post_id, user_id) VALUES ('ee69f4ba-aac4-479a-8a23-c803e4665967', 'c8b73848-cfdc-4888-9c41-a8dac250cdc8');
INSERT INTO likes (post_id, user_id) VALUES ('4a6d1f2f-6bb0-499d-b0db-50e8e64c1b92', '90fc042b-0a53-4366-9d28-1cb9fd6736ef');
INSERT INTO likes (post_id, user_id) VALUES ('09992802-5a1e-46ff-aa5b-4f79a000596e', '90fc042b-0a53-4366-9d28-1cb9fd6736ef');
INSERT INTO likes (post_id, user_id) VALUES ('839da8d1-60e6-40f8-a50e-474b7ba54898', '90fc042b-0a53-4366-9d28-1cb9fd6736ef');
INSERT INTO likes (post_id, user_id) VALUES ('4d2d521b-0db8-4873-a956-9586afef8ba7', '90fc042b-0a53-4366-9d28-1cb9fd6736ef');
INSERT INTO likes (post_id, user_id) VALUES ('93949734-6208-4dfb-bbeb-0a40ee042332', '90fc042b-0a53-4366-9d28-1cb9fd6736ef');
INSERT INTO likes (post_id, user_id) VALUES ('46ff82e0-aea8-4e1b-b48b-d275e0a82cbe', '97927da2-72f5-4f8d-878f-89a7c42d4c77');
INSERT INTO likes (post_id, user_id) VALUES ('4d2d521b-0db8-4873-a956-9586afef8ba7', '97927da2-72f5-4f8d-878f-89a7c42d4c77');
INSERT INTO likes (post_id, user_id) VALUES ('90d4c75b-4f52-41a1-9e39-83532db9fc53', '97927da2-72f5-4f8d-878f-89a7c42d4c77');
INSERT INTO likes (post_id, user_id) VALUES ('1b53b50b-eec0-4c28-a9ec-4ed3b28f0ae3', '97927da2-72f5-4f8d-878f-89a7c42d4c77');
INSERT INTO likes (post_id, user_id) VALUES ('f6cc7fb7-424a-411f-8815-da2efb9ba8cf', '97927da2-72f5-4f8d-878f-89a7c42d4c77');
INSERT INTO likes (post_id, user_id) VALUES ('41f034ac-6e05-4ae6-a75b-aa62c628c573', '545734ab-1567-4683-b1a0-9bc9a065d540');
INSERT INTO likes (post_id, user_id) VALUES ('5128c592-74b9-4fa8-9b2a-37f99b8ec2b9', '545734ab-1567-4683-b1a0-9bc9a065d540');
INSERT INTO likes (post_id, user_id) VALUES ('4d01987b-c25e-4e7c-a6bb-a9b1bfbef480', '545734ab-1567-4683-b1a0-9bc9a065d540');
INSERT INTO likes (post_id, user_id) VALUES ('4a6d1f2f-6bb0-499d-b0db-50e8e64c1b92', '545734ab-1567-4683-b1a0-9bc9a065d540');
INSERT INTO likes (post_id, user_id) VALUES ('347f3430-1944-4398-8651-0a1f2529bd6f', '545734ab-1567-4683-b1a0-9bc9a065d540');
INSERT INTO likes (post_id, user_id) VALUES ('ee69f4ba-aac4-479a-8a23-c803e4665967', '7e595133-07e7-42d9-a13c-cf2a3a9d8466');
INSERT INTO likes (post_id, user_id) VALUES ('839da8d1-60e6-40f8-a50e-474b7ba54898', '7e595133-07e7-42d9-a13c-cf2a3a9d8466');
INSERT INTO likes (post_id, user_id) VALUES ('d931bd10-19c3-4a49-a0a7-6a489b88627b', '7e595133-07e7-42d9-a13c-cf2a3a9d8466');
INSERT INTO likes (post_id, user_id) VALUES ('347f3430-1944-4398-8651-0a1f2529bd6f', '7e595133-07e7-42d9-a13c-cf2a3a9d8466');
INSERT INTO likes (post_id, user_id) VALUES ('93949734-6208-4dfb-bbeb-0a40ee042332', '7e595133-07e7-42d9-a13c-cf2a3a9d8466');
INSERT INTO likes (post_id, user_id) VALUES ('88d04bd0-9e1b-46fa-884f-e5cfd74dc664', '4e443812-e69b-4c3b-b871-51fdb1f7d7c4');
INSERT INTO likes (post_id, user_id) VALUES ('90d4c75b-4f52-41a1-9e39-83532db9fc53', '4e443812-e69b-4c3b-b871-51fdb1f7d7c4');
INSERT INTO likes (post_id, user_id) VALUES ('09992802-5a1e-46ff-aa5b-4f79a000596e', '4e443812-e69b-4c3b-b871-51fdb1f7d7c4');
INSERT INTO likes (post_id, user_id) VALUES ('7c9dd82d-918d-484a-bc34-45050f2f56b7', '4e443812-e69b-4c3b-b871-51fdb1f7d7c4');
INSERT INTO likes (post_id, user_id) VALUES ('93949734-6208-4dfb-bbeb-0a40ee042332', '4e443812-e69b-4c3b-b871-51fdb1f7d7c4');
INSERT INTO likes (post_id, user_id) VALUES ('ee69f4ba-aac4-479a-8a23-c803e4665967', '4c52ef5c-b2fa-4025-8a74-4183cdcddc10');
INSERT INTO likes (post_id, user_id) VALUES ('4a6d1f2f-6bb0-499d-b0db-50e8e64c1b92', '4c52ef5c-b2fa-4025-8a74-4183cdcddc10');
INSERT INTO likes (post_id, user_id) VALUES ('839da8d1-60e6-40f8-a50e-474b7ba54898', '4c52ef5c-b2fa-4025-8a74-4183cdcddc10');
INSERT INTO likes (post_id, user_id) VALUES ('6e0a2e4c-8f48-43e1-8c5c-23558999ce91', '4c52ef5c-b2fa-4025-8a74-4183cdcddc10');
INSERT INTO likes (post_id, user_id) VALUES ('7c9dd82d-918d-484a-bc34-45050f2f56b7', '4c52ef5c-b2fa-4025-8a74-4183cdcddc10');
INSERT INTO likes (post_id, user_id) VALUES ('e42f1f1f-12ae-4867-8381-d4a21afc66df', 'f3b31b55-e098-41f8-9277-075e0c7e7eed');
INSERT INTO likes (post_id, user_id) VALUES ('5128c592-74b9-4fa8-9b2a-37f99b8ec2b9', 'f3b31b55-e098-41f8-9277-075e0c7e7eed');
INSERT INTO likes (post_id, user_id) VALUES ('badc1908-37bd-494d-a7f2-2910e8c94d46', 'f3b31b55-e098-41f8-9277-075e0c7e7eed');
INSERT INTO likes (post_id, user_id) VALUES ('41f034ac-6e05-4ae6-a75b-aa62c628c573', 'f3b31b55-e098-41f8-9277-075e0c7e7eed');
INSERT INTO likes (post_id, user_id) VALUES ('d931bd10-19c3-4a49-a0a7-6a489b88627b', 'f3b31b55-e098-41f8-9277-075e0c7e7eed');
INSERT INTO likes (post_id, user_id) VALUES ('f6cc7fb7-424a-411f-8815-da2efb9ba8cf', 'f7388269-27b8-410b-bb35-06dcc3885b84');
INSERT INTO likes (post_id, user_id) VALUES ('4d2d521b-0db8-4873-a956-9586afef8ba7', 'f7388269-27b8-410b-bb35-06dcc3885b84');
INSERT INTO likes (post_id, user_id) VALUES ('4a6d1f2f-6bb0-499d-b0db-50e8e64c1b92', 'f7388269-27b8-410b-bb35-06dcc3885b84');
INSERT INTO likes (post_id, user_id) VALUES ('46ff82e0-aea8-4e1b-b48b-d275e0a82cbe', 'f7388269-27b8-410b-bb35-06dcc3885b84');
INSERT INTO likes (post_id, user_id) VALUES ('09992802-5a1e-46ff-aa5b-4f79a000596e', 'f7388269-27b8-410b-bb35-06dcc3885b84');
INSERT INTO likes (post_id, user_id) VALUES ('e42f1f1f-12ae-4867-8381-d4a21afc66df', 'b1960bec-96ec-4a5d-9073-f56272da3550');
INSERT INTO likes (post_id, user_id) VALUES ('f6cc7fb7-424a-411f-8815-da2efb9ba8cf', 'b1960bec-96ec-4a5d-9073-f56272da3550');
INSERT INTO likes (post_id, user_id) VALUES ('6e0a2e4c-8f48-43e1-8c5c-23558999ce91', 'b1960bec-96ec-4a5d-9073-f56272da3550');
INSERT INTO likes (post_id, user_id) VALUES ('347f3430-1944-4398-8651-0a1f2529bd6f', 'b1960bec-96ec-4a5d-9073-f56272da3550');
INSERT INTO likes (post_id, user_id) VALUES ('7c9dd82d-918d-484a-bc34-45050f2f56b7', 'b1960bec-96ec-4a5d-9073-f56272da3550');
INSERT INTO likes (post_id, user_id) VALUES ('93949734-6208-4dfb-bbeb-0a40ee042332', 'b78b87d1-8ee4-4b54-9606-e0d12529caae');
INSERT INTO likes (post_id, user_id) VALUES ('7c9dd82d-918d-484a-bc34-45050f2f56b7', 'b78b87d1-8ee4-4b54-9606-e0d12529caae');
INSERT INTO likes (post_id, user_id) VALUES ('4d2d521b-0db8-4873-a956-9586afef8ba7', 'b78b87d1-8ee4-4b54-9606-e0d12529caae');
INSERT INTO likes (post_id, user_id) VALUES ('f6cc7fb7-424a-411f-8815-da2efb9ba8cf', 'b78b87d1-8ee4-4b54-9606-e0d12529caae');
INSERT INTO likes (post_id, user_id) VALUES ('6e0a2e4c-8f48-43e1-8c5c-23558999ce91', 'b78b87d1-8ee4-4b54-9606-e0d12529caae');
INSERT INTO likes (post_id, user_id) VALUES ('6e0a2e4c-8f48-43e1-8c5c-23558999ce91', 'fdd9f4ac-d0d4-4afd-90bc-0d3520122cdc');
INSERT INTO likes (post_id, user_id) VALUES ('90d4c75b-4f52-41a1-9e39-83532db9fc53', 'fdd9f4ac-d0d4-4afd-90bc-0d3520122cdc');
INSERT INTO likes (post_id, user_id) VALUES ('4d01987b-c25e-4e7c-a6bb-a9b1bfbef480', 'fdd9f4ac-d0d4-4afd-90bc-0d3520122cdc');
INSERT INTO likes (post_id, user_id) VALUES ('4a6d1f2f-6bb0-499d-b0db-50e8e64c1b92', 'fdd9f4ac-d0d4-4afd-90bc-0d3520122cdc');
INSERT INTO likes (post_id, user_id) VALUES ('badc1908-37bd-494d-a7f2-2910e8c94d46', 'fdd9f4ac-d0d4-4afd-90bc-0d3520122cdc');
